file,line,type,commit,author,date,time,timezone,datetime,depth,length
styles.css,1,css,470c7f4a,zhangkevin747,2025-01-10,13:34:01,-08:00,2025-01-10T13:34:01-08:00,0,5
styles.css,2,css,470c7f4a,zhangkevin747,2025-01-10,13:34:01,-08:00,2025-01-10T13:34:01-08:00,0,44
styles.css,3,css,470c7f4a,zhangkevin747,2025-01-10,13:34:01,-08:00,2025-01-10T13:34:01-08:00,0,43
styles.css,4,css,470c7f4a,zhangkevin747,2025-01-10,13:34:01,-08:00,2025-01-10T13:34:01-08:00,0,1
styles.css,5,css,470c7f4a,zhangkevin747,2025-01-10,13:34:01,-08:00,2025-01-10T13:34:01-08:00,0,24
styles.css,6,css,aef210eb,zhangkevin747,2025-01-24,21:58:17,-08:00,2025-01-24T21:58:17-08:00,0,0
styles.css,7,css,aef210eb,zhangkevin747,2025-01-24,21:58:17,-08:00,2025-01-24T21:58:17-08:00,0,0
styles.css,8,css,aef210eb,zhangkevin747,2025-01-24,21:58:17,-08:00,2025-01-24T21:58:17-08:00,0,4
styles.css,9,css,aef210eb,zhangkevin747,2025-01-24,21:58:17,-08:00,2025-01-24T21:58:17-08:00,0,79
styles.css,10,css,aef210eb,zhangkevin747,2025-01-24,21:58:17,-08:00,2025-01-24T21:58:17-08:00,0,73
styles.css,11,css,aef210eb,zhangkevin747,2025-01-24,21:58:17,-08:00,2025-01-24T21:58:17-08:00,0,0
styles.css,12,css,aef210eb,zhangkevin747,2025-01-24,21:58:17,-08:00,2025-01-24T21:58:17-08:00,0,17
styles.css,13,css,aef210eb,zhangkevin747,2025-01-24,21:58:17,-08:00,2025-01-24T21:58:17-08:00,0,0
styles.css,14,css,aef210eb,zhangkevin747,2025-01-24,21:58:17,-08:00,2025-01-24T21:58:17-08:00,0,0
styles.css,15,css,aef210eb,zhangkevin747,2025-01-24,21:58:17,-08:00,2025-01-24T21:58:17-08:00,0,0
styles.css,16,css,aef210eb,zhangkevin747,2025-01-24,21:58:17,-08:00,2025-01-24T21:58:17-08:00,0,5
styles.css,17,css,aef210eb,zhangkevin747,2025-01-24,21:58:17,-08:00,2025-01-24T21:58:17-08:00,0,70
styles.css,18,css,aef210eb,zhangkevin747,2025-01-24,21:58:17,-08:00,2025-01-24T21:58:17-08:00,0,40
styles.css,19,css,aef210eb,zhangkevin747,2025-01-24,21:58:17,-08:00,2025-01-24T21:58:17-08:00,0,0
styles.css,20,css,aef210eb,zhangkevin747,2025-01-24,21:58:17,-08:00,2025-01-24T21:58:17-08:00,0,0
styles.css,21,css,aef210eb,zhangkevin747,2025-01-24,21:58:17,-08:00,2025-01-24T21:58:17-08:00,0,14
styles.css,22,css,aef210eb,zhangkevin747,2025-01-24,21:58:17,-08:00,2025-01-24T21:58:17-08:00,0,18
styles.css,23,css,aef210eb,zhangkevin747,2025-01-24,21:58:17,-08:00,2025-01-24T21:58:17-08:00,0,9
styles.css,24,css,aef210eb,zhangkevin747,2025-01-24,21:58:17,-08:00,2025-01-24T21:58:17-08:00,0,11
styles.css,25,css,aef210eb,zhangkevin747,2025-01-24,21:58:17,-08:00,2025-01-24T21:58:17-08:00,0,33
styles.css,26,css,aef210eb,zhangkevin747,2025-01-24,21:58:17,-08:00,2025-01-24T21:58:17-08:00,0,49
styles.css,27,css,aef210eb,zhangkevin747,2025-01-24,21:58:17,-08:00,2025-01-24T21:58:17-08:00,0,0
index.html,1,html,21058aac,zhangkevin747,2025-01-08,14:35:36,-08:00,2025-01-08T14:35:36-08:00,0,14
index.html,2,html,a83d4ac2,zhangkevin747,2025-01-25,13:38:43,-08:00,2025-01-25T13:38:43-08:00,0,30
index.html,3,html,23b5fab9,zhangkevin747,2025-01-25,13:51:47,-08:00,2025-01-25T13:51:47-08:00,0,5
index.html,4,html,21058aac,zhangkevin747,2025-01-08,14:35:36,-08:00,2025-01-08T14:35:36-08:00,0,21
index.html,5,html,21058aac,zhangkevin747,2025-01-08,14:35:36,-08:00,2025-01-08T14:35:36-08:00,0,69
index.html,6,html,21058aac,zhangkevin747,2025-01-08,14:35:36,-08:00,2025-01-08T14:35:36-08:00,0,54
index.html,7,html,470c7f4a,zhangkevin747,2025-01-10,13:34:01,-08:00,2025-01-10T13:34:01-08:00,0,40
index.html,8,html,aef210eb,zhangkevin747,2025-01-24,21:58:17,-08:00,2025-01-24T21:58:17-08:00,0,46
index.html,9,html,fbee9582,zhangkevin747,2025-01-17,23:39:00,-08:00,2025-01-17T23:39:00-08:00,0,6
index.html,10,html,fbee9582,zhangkevin747,2025-01-17,23:39:00,-08:00,2025-01-17T23:39:00-08:00,0,16
index.html,11,html,fbee9582,zhangkevin747,2025-01-17,23:39:00,-08:00,2025-01-17T23:39:00-08:00,0,6
index.html,12,html,fbee9582,zhangkevin747,2025-01-17,23:39:00,-08:00,2025-01-17T23:39:00-08:00,0,51
index.html,13,html,fbee9582,zhangkevin747,2025-01-17,23:39:00,-08:00,2025-01-17T23:39:00-08:00,0,61
index.html,14,html,fbee9582,zhangkevin747,2025-01-17,23:39:00,-08:00,2025-01-17T23:39:00-08:00,0,0
index.html,15,html,fbee9582,zhangkevin747,2025-01-17,23:39:00,-08:00,2025-01-17T23:39:00-08:00,0,0
index.html,16,html,fbee9582,zhangkevin747,2025-01-17,23:39:00,-08:00,2025-01-17T23:39:00-08:00,0,5
index.html,17,html,fbee9582,zhangkevin747,2025-01-17,23:39:00,-08:00,2025-01-17T23:39:00-08:00,0,30
index.html,18,html,fbee9582,zhangkevin747,2025-01-17,23:39:00,-08:00,2025-01-17T23:39:00-08:00,0,16
index.html,19,html,fbee9582,zhangkevin747,2025-01-17,23:39:00,-08:00,2025-01-17T23:39:00-08:00,0,16
index.html,20,html,fbee9582,zhangkevin747,2025-01-17,23:39:00,-08:00,2025-01-17T23:39:00-08:00,0,43
index.html,21,html,fbee9582,zhangkevin747,2025-01-17,23:39:00,-08:00,2025-01-17T23:39:00-08:00,0,19
index.html,22,html,fbee9582,zhangkevin747,2025-01-17,23:39:00,-08:00,2025-01-17T23:39:00-08:00,0,0
index.html,23,html,fbee9582,zhangkevin747,2025-01-17,23:39:00,-08:00,2025-01-17T23:39:00-08:00,0,0
index.html,24,html,fbee9582,zhangkevin747,2025-01-17,23:39:00,-08:00,2025-01-17T23:39:00-08:00,0,4
index.html,25,html,fbee9582,zhangkevin747,2025-01-17,23:39:00,-08:00,2025-01-17T23:39:00-08:00,0,34
index.html,26,html,fbee9582,zhangkevin747,2025-01-17,23:39:00,-08:00,2025-01-17T23:39:00-08:00,0,59
index.html,27,html,fbee9582,zhangkevin747,2025-01-17,23:39:00,-08:00,2025-01-17T23:39:00-08:00,0,18
index.html,28,html,fbee9582,zhangkevin747,2025-01-17,23:39:00,-08:00,2025-01-17T23:39:00-08:00,0,64
index.html,29,html,fbee9582,zhangkevin747,2025-01-17,23:39:00,-08:00,2025-01-17T23:39:00-08:00,0,21
index.html,30,html,fbee9582,zhangkevin747,2025-01-17,23:39:00,-08:00,2025-01-17T23:39:00-08:00,0,0
index.html,31,html,fbee9582,zhangkevin747,2025-01-17,23:39:00,-08:00,2025-01-17T23:39:00-08:00,0,0
index.html,32,html,fbee9582,zhangkevin747,2025-01-17,23:39:00,-08:00,2025-01-17T23:39:00-08:00,0,6
index.html,33,html,fbee9582,zhangkevin747,2025-01-17,23:39:00,-08:00,2025-01-17T23:39:00-08:00,0,41
index.html,34,html,fbee9582,zhangkevin747,2025-01-17,23:39:00,-08:00,2025-01-17T23:39:00-08:00,0,49
index.html,35,html,fbee9582,zhangkevin747,2025-01-17,23:39:00,-08:00,2025-01-17T23:39:00-08:00,0,44
index.html,36,html,fbee9582,zhangkevin747,2025-01-17,23:39:00,-08:00,2025-01-17T23:39:00-08:00,0,54
index.html,37,html,fbee9582,zhangkevin747,2025-01-17,23:39:00,-08:00,2025-01-17T23:39:00-08:00,0,45
index.html,38,html,fbee9582,zhangkevin747,2025-01-17,23:39:00,-08:00,2025-01-17T23:39:00-08:00,0,0
index.html,39,html,fbee9582,zhangkevin747,2025-01-17,23:39:00,-08:00,2025-01-17T23:39:00-08:00,0,0
index.html,40,html,fbee9582,zhangkevin747,2025-01-17,23:39:00,-08:00,2025-01-17T23:39:00-08:00,0,12
index.html,41,html,fbee9582,zhangkevin747,2025-01-17,23:39:00,-08:00,2025-01-17T23:39:00-08:00,0,74
index.html,42,html,fbee9582,zhangkevin747,2025-01-17,23:39:00,-08:00,2025-01-17T23:39:00-08:00,0,0
index.html,43,html,fbee9582,zhangkevin747,2025-01-17,23:39:00,-08:00,2025-01-17T23:39:00-08:00,0,0
index.html,44,html,fbee9582,zhangkevin747,2025-01-17,23:39:00,-08:00,2025-01-17T23:39:00-08:00,0,9
index.html,45,html,fbee9582,zhangkevin747,2025-01-17,23:39:00,-08:00,2025-01-17T23:39:00-08:00,0,84
index.html,46,html,fbee9582,zhangkevin747,2025-01-17,23:39:00,-08:00,2025-01-17T23:39:00-08:00,0,67
index.html,47,html,fbee9582,zhangkevin747,2025-01-17,23:39:00,-08:00,2025-01-17T23:39:00-08:00,0,0
index.html,48,html,fbee9582,zhangkevin747,2025-01-17,23:39:00,-08:00,2025-01-17T23:39:00-08:00,0,7
index.html,49,html,21058aac,zhangkevin747,2025-01-08,14:35:36,-08:00,2025-01-08T14:35:36-08:00,0,6
index.html,50,html,21058aac,zhangkevin747,2025-01-08,14:35:36,-08:00,2025-01-08T14:35:36-08:00,0,5
index.html,51,html,21058aac,zhangkevin747,2025-01-08,14:35:36,-08:00,2025-01-08T14:35:36-08:00,0,19
index.html,52,html,aef210eb,zhangkevin747,2025-01-24,21:58:17,-08:00,2025-01-24T21:58:17-08:00,0,0
index.html,53,html,470c7f4a,zhangkevin747,2025-01-10,13:34:01,-08:00,2025-01-10T13:34:01-08:00,0,71
index.html,54,html,470c7f4a,zhangkevin747,2025-01-10,13:34:01,-08:00,2025-01-10T13:34:01-08:00,0,113
index.html,55,html,fbee9582,zhangkevin747,2025-01-17,23:39:00,-08:00,2025-01-17T23:39:00-08:00,0,92
index.html,56,html,21058aac,zhangkevin747,2025-01-08,14:35:36,-08:00,2025-01-08T14:35:36-08:00,0,6
index.html,57,html,21058aac,zhangkevin747,2025-01-08,14:35:36,-08:00,2025-01-08T14:35:36-08:00,0,6
global.js,1,js,aef210eb,zhangkevin747,2025-01-24,21:58:17,-08:00,2025-01-24T21:58:17-08:00,0,12
global.js,2,js,e627ff4e,zhangkevin747,2025-01-25,13:46:29,-08:00,2025-01-25T13:46:29-08:00,0,47
global.js,3,js,e627ff4e,zhangkevin747,2025-01-25,13:46:29,-08:00,2025-01-25T13:46:29-08:00,0,60
global.js,4,js,e627ff4e,zhangkevin747,2025-01-25,13:46:29,-08:00,2025-01-25T13:46:29-08:00,0,56
global.js,5,js,e627ff4e,zhangkevin747,2025-01-25,13:46:29,-08:00,2025-01-25T13:46:29-08:00,0,61
global.js,6,js,6eb9da9b,zhangkevin747,2025-02-12,16:38:46,-08:00,2025-02-12T16:38:46-08:00,0,52
global.js,7,js,6eb9da9b,zhangkevin747,2025-02-12,16:38:46,-08:00,2025-02-12T16:38:46-08:00,0,60
global.js,8,js,aef210eb,zhangkevin747,2025-01-24,21:58:17,-08:00,2025-01-24T21:58:17-08:00,0,1
global.js,9,js,483d316a,zhangkevin747,2025-01-24,22:01:45,-08:00,2025-01-24T22:01:45-08:00,0,0
global.js,10,js,483d316a,zhangkevin747,2025-01-24,22:01:45,-08:00,2025-01-24T22:01:45-08:00,0,39
global.js,11,js,483d316a,zhangkevin747,2025-01-24,22:01:45,-08:00,2025-01-24T22:01:45-08:00,0,26
global.js,12,js,483d316a,zhangkevin747,2025-01-24,22:01:45,-08:00,2025-01-24T22:01:45-08:00,0,0
global.js,13,js,483d316a,zhangkevin747,2025-01-24,22:01:45,-08:00,2025-01-24T22:01:45-08:00,0,21
global.js,14,js,aef210eb,zhangkevin747,2025-01-24,21:58:17,-08:00,2025-01-24T21:58:17-08:00,0,15
global.js,15,js,aef210eb,zhangkevin747,2025-01-24,21:58:17,-08:00,2025-01-24T21:58:17-08:00,0,19
global.js,16,js,483d316a,zhangkevin747,2025-01-24,22:01:45,-08:00,2025-01-24T22:01:45-08:00,0,0
global.js,17,js,aef210eb,zhangkevin747,2025-01-24,21:58:17,-08:00,2025-01-24T21:58:17-08:00,0,35
global.js,18,js,aef210eb,zhangkevin747,2025-01-24,21:58:17,-08:00,2025-01-24T21:58:17-08:00,0,12
global.js,19,js,aef210eb,zhangkevin747,2025-01-24,21:58:17,-08:00,2025-01-24T21:58:17-08:00,0,21
global.js,20,js,483d316a,zhangkevin747,2025-01-24,22:01:45,-08:00,2025-01-24T22:01:45-08:00,0,0
global.js,21,js,483d316a,zhangkevin747,2025-01-24,22:01:45,-08:00,2025-01-24T22:01:45-08:00,0,33
global.js,22,js,483d316a,zhangkevin747,2025-01-24,22:01:45,-08:00,2025-01-24T22:01:45-08:00,0,69
global.js,23,js,483d316a,zhangkevin747,2025-01-24,22:01:45,-08:00,2025-01-24T22:01:45-08:00,0,26
global.js,24,js,483d316a,zhangkevin747,2025-01-24,22:01:45,-08:00,2025-01-24T22:01:45-08:00,0,0
global.js,25,js,483d316a,zhangkevin747,2025-01-24,22:01:45,-08:00,2025-01-24T22:01:45-08:00,0,0
global.js,26,js,aef210eb,zhangkevin747,2025-01-24,21:58:17,-08:00,2025-01-24T21:58:17-08:00,0,13
global.js,27,js,aef210eb,zhangkevin747,2025-01-24,21:58:17,-08:00,2025-01-24T21:58:17-08:00,0,0
global.js,28,js,483d316a,zhangkevin747,2025-01-24,22:01:45,-08:00,2025-01-24T22:01:45-08:00,0,0
global.js,29,js,aef210eb,zhangkevin747,2025-01-24,21:58:17,-08:00,2025-01-24T21:58:17-08:00,0,34
global.js,30,js,aef210eb,zhangkevin747,2025-01-24,21:58:17,-08:00,2025-01-24T21:58:17-08:00,0,37
global.js,31,js,aef210eb,zhangkevin747,2025-01-24,21:58:17,-08:00,2025-01-24T21:58:17-08:00,0,71
global.js,32,js,aef210eb,zhangkevin747,2025-01-24,21:58:17,-08:00,2025-01-24T21:58:17-08:00,0,0
global.js,33,js,aef210eb,zhangkevin747,2025-01-24,21:58:17,-08:00,2025-01-24T21:58:17-08:00,0,0
global.js,34,js,aef210eb,zhangkevin747,2025-01-24,21:58:17,-08:00,2025-01-24T21:58:17-08:00,0,18
global.js,35,js,aef210eb,zhangkevin747,2025-01-24,21:58:17,-08:00,2025-01-24T21:58:17-08:00,0,32
global.js,36,js,aef210eb,zhangkevin747,2025-01-24,21:58:17,-08:00,2025-01-24T21:58:17-08:00,0,12
global.js,37,js,aef210eb,zhangkevin747,2025-01-24,21:58:17,-08:00,2025-01-24T21:58:17-08:00,0,0
global.js,38,js,aef210eb,zhangkevin747,2025-01-24,21:58:17,-08:00,2025-01-24T21:58:17-08:00,0,27
global.js,39,js,aef210eb,zhangkevin747,2025-01-24,21:58:17,-08:00,2025-01-24T21:58:17-08:00,0,5
global.js,40,js,aef210eb,zhangkevin747,2025-01-24,21:58:17,-08:00,2025-01-24T21:58:17-08:00,0,27
global.js,41,js,aef210eb,zhangkevin747,2025-01-24,21:58:17,-08:00,2025-01-24T21:58:17-08:00,0,44
global.js,42,js,aef210eb,zhangkevin747,2025-01-24,21:58:17,-08:00,2025-01-24T21:58:17-08:00,0,35
global.js,43,js,aef210eb,zhangkevin747,2025-01-24,21:58:17,-08:00,2025-01-24T21:58:17-08:00,0,33
global.js,44,js,aef210eb,zhangkevin747,2025-01-24,21:58:17,-08:00,2025-01-24T21:58:17-08:00,0,8
global.js,45,js,aef210eb,zhangkevin747,2025-01-24,21:58:17,-08:00,2025-01-24T21:58:17-08:00,0,7
global.js,46,js,aef210eb,zhangkevin747,2025-01-24,21:58:17,-08:00,2025-01-24T21:58:17-08:00,0,0
global.js,47,js,aef210eb,zhangkevin747,2025-01-24,21:58:17,-08:00,2025-01-24T21:58:17-08:00,0,1
global.js,48,js,aef210eb,zhangkevin747,2025-01-24,21:58:17,-08:00,2025-01-24T21:58:17-08:00,0,0
global.js,49,js,aef210eb,zhangkevin747,2025-01-24,21:58:17,-08:00,2025-01-24T21:58:17-08:00,0,50
global.js,50,js,aef210eb,zhangkevin747,2025-01-24,21:58:17,-08:00,2025-01-24T21:58:17-08:00,0,76
global.js,51,js,aef210eb,zhangkevin747,2025-01-24,21:58:17,-08:00,2025-01-24T21:58:17-08:00,0,66
global.js,52,js,aef210eb,zhangkevin747,2025-01-24,21:58:17,-08:00,2025-01-24T21:58:17-08:00,0,32
global.js,53,js,aef210eb,zhangkevin747,2025-01-24,21:58:17,-08:00,2025-01-24T21:58:17-08:00,0,0
global.js,54,js,aef210eb,zhangkevin747,2025-01-24,21:58:17,-08:00,2025-01-24T21:58:17-08:00,0,30
global.js,55,js,aef210eb,zhangkevin747,2025-01-24,21:58:17,-08:00,2025-01-24T21:58:17-08:00,0,79
global.js,56,js,aef210eb,zhangkevin747,2025-01-24,21:58:17,-08:00,2025-01-24T21:58:17-08:00,0,41
global.js,57,js,aef210eb,zhangkevin747,2025-01-24,21:58:17,-08:00,2025-01-24T21:58:17-08:00,0,30
global.js,58,js,aef210eb,zhangkevin747,2025-01-24,21:58:17,-08:00,2025-01-24T21:58:17-08:00,0,75
global.js,59,js,aef210eb,zhangkevin747,2025-01-24,21:58:17,-08:00,2025-01-24T21:58:17-08:00,0,2
global.js,60,js,aef210eb,zhangkevin747,2025-01-24,21:58:17,-08:00,2025-01-24T21:58:17-08:00,0,0
global.js,61,js,aef210eb,zhangkevin747,2025-01-24,21:58:17,-08:00,2025-01-24T21:58:17-08:00,0,0
resume/index.html,1,html,470c7f4a,zhangkevin747,2025-01-10,13:34:01,-08:00,2025-01-10T13:34:01-08:00,0,14
resume/index.html,2,html,470c7f4a,zhangkevin747,2025-01-10,13:34:01,-08:00,2025-01-10T13:34:01-08:00,0,15
resume/index.html,3,html,470c7f4a,zhangkevin747,2025-01-10,13:34:01,-08:00,2025-01-10T13:34:01-08:00,0,5
resume/index.html,4,html,470c7f4a,zhangkevin747,2025-01-10,13:34:01,-08:00,2025-01-10T13:34:01-08:00,0,21
resume/index.html,5,html,470c7f4a,zhangkevin747,2025-01-10,13:34:01,-08:00,2025-01-10T13:34:01-08:00,0,69
resume/index.html,6,html,fbee9582,zhangkevin747,2025-01-17,23:39:00,-08:00,2025-01-17T23:39:00-08:00,0,20
resume/index.html,7,html,aef210eb,zhangkevin747,2025-01-24,21:58:17,-08:00,2025-01-24T21:58:17-08:00,0,43
resume/index.html,8,html,aef210eb,zhangkevin747,2025-01-24,21:58:17,-08:00,2025-01-24T21:58:17-08:00,0,49
resume/index.html,9,html,fbee9582,zhangkevin747,2025-01-17,23:39:00,-08:00,2025-01-17T23:39:00-08:00,0,6
resume/index.html,10,html,fbee9582,zhangkevin747,2025-01-17,23:39:00,-08:00,2025-01-17T23:39:00-08:00,0,16
resume/index.html,11,html,fbee9582,zhangkevin747,2025-01-17,23:39:00,-08:00,2025-01-17T23:39:00-08:00,0,6
resume/index.html,12,html,fbee9582,zhangkevin747,2025-01-17,23:39:00,-08:00,2025-01-17T23:39:00-08:00,0,51
resume/index.html,13,html,fbee9582,zhangkevin747,2025-01-17,23:39:00,-08:00,2025-01-17T23:39:00-08:00,0,61
resume/index.html,14,html,fbee9582,zhangkevin747,2025-01-17,23:39:00,-08:00,2025-01-17T23:39:00-08:00,0,56
resume/index.html,15,html,fbee9582,zhangkevin747,2025-01-17,23:39:00,-08:00,2025-01-17T23:39:00-08:00,0,0
resume/index.html,16,html,fbee9582,zhangkevin747,2025-01-17,23:39:00,-08:00,2025-01-17T23:39:00-08:00,0,0
resume/index.html,17,html,fbee9582,zhangkevin747,2025-01-17,23:39:00,-08:00,2025-01-17T23:39:00-08:00,0,5
resume/index.html,18,html,fbee9582,zhangkevin747,2025-01-17,23:39:00,-08:00,2025-01-17T23:39:00-08:00,0,30
resume/index.html,19,html,fbee9582,zhangkevin747,2025-01-17,23:39:00,-08:00,2025-01-17T23:39:00-08:00,0,16
resume/index.html,20,html,fbee9582,zhangkevin747,2025-01-17,23:39:00,-08:00,2025-01-17T23:39:00-08:00,0,16
resume/index.html,21,html,fbee9582,zhangkevin747,2025-01-17,23:39:00,-08:00,2025-01-17T23:39:00-08:00,0,43
resume/index.html,22,html,fbee9582,zhangkevin747,2025-01-17,23:39:00,-08:00,2025-01-17T23:39:00-08:00,0,19
resume/index.html,23,html,fbee9582,zhangkevin747,2025-01-17,23:39:00,-08:00,2025-01-17T23:39:00-08:00,0,41
resume/index.html,24,html,fbee9582,zhangkevin747,2025-01-17,23:39:00,-08:00,2025-01-17T23:39:00-08:00,0,11
resume/index.html,25,html,fbee9582,zhangkevin747,2025-01-17,23:39:00,-08:00,2025-01-17T23:39:00-08:00,0,0
resume/index.html,26,html,fbee9582,zhangkevin747,2025-01-17,23:39:00,-08:00,2025-01-17T23:39:00-08:00,0,0
resume/index.html,27,html,fbee9582,zhangkevin747,2025-01-17,23:39:00,-08:00,2025-01-17T23:39:00-08:00,0,26
resume/index.html,28,html,fbee9582,zhangkevin747,2025-01-17,23:39:00,-08:00,2025-01-17T23:39:00-08:00,0,4
resume/index.html,29,html,fbee9582,zhangkevin747,2025-01-17,23:39:00,-08:00,2025-01-17T23:39:00-08:00,0,34
resume/index.html,30,html,fbee9582,zhangkevin747,2025-01-17,23:39:00,-08:00,2025-01-17T23:39:00-08:00,0,59
resume/index.html,31,html,fbee9582,zhangkevin747,2025-01-17,23:39:00,-08:00,2025-01-17T23:39:00-08:00,0,18
resume/index.html,32,html,fbee9582,zhangkevin747,2025-01-17,23:39:00,-08:00,2025-01-17T23:39:00-08:00,0,64
resume/index.html,33,html,fbee9582,zhangkevin747,2025-01-17,23:39:00,-08:00,2025-01-17T23:39:00-08:00,0,21
resume/index.html,34,html,fbee9582,zhangkevin747,2025-01-17,23:39:00,-08:00,2025-01-17T23:39:00-08:00,0,0
resume/index.html,35,html,fbee9582,zhangkevin747,2025-01-17,23:39:00,-08:00,2025-01-17T23:39:00-08:00,0,0
resume/index.html,36,html,fbee9582,zhangkevin747,2025-01-17,23:39:00,-08:00,2025-01-17T23:39:00-08:00,0,6
resume/index.html,37,html,fbee9582,zhangkevin747,2025-01-17,23:39:00,-08:00,2025-01-17T23:39:00-08:00,0,41
resume/index.html,38,html,fbee9582,zhangkevin747,2025-01-17,23:39:00,-08:00,2025-01-17T23:39:00-08:00,0,49
resume/index.html,39,html,fbee9582,zhangkevin747,2025-01-17,23:39:00,-08:00,2025-01-17T23:39:00-08:00,0,44
resume/index.html,40,html,fbee9582,zhangkevin747,2025-01-17,23:39:00,-08:00,2025-01-17T23:39:00-08:00,0,54
resume/index.html,41,html,fbee9582,zhangkevin747,2025-01-17,23:39:00,-08:00,2025-01-17T23:39:00-08:00,0,45
resume/index.html,42,html,fbee9582,zhangkevin747,2025-01-17,23:39:00,-08:00,2025-01-17T23:39:00-08:00,0,0
resume/index.html,43,html,fbee9582,zhangkevin747,2025-01-17,23:39:00,-08:00,2025-01-17T23:39:00-08:00,0,0
resume/index.html,44,html,fbee9582,zhangkevin747,2025-01-17,23:39:00,-08:00,2025-01-17T23:39:00-08:00,0,12
resume/index.html,45,html,fbee9582,zhangkevin747,2025-01-17,23:39:00,-08:00,2025-01-17T23:39:00-08:00,0,74
resume/index.html,46,html,fbee9582,zhangkevin747,2025-01-17,23:39:00,-08:00,2025-01-17T23:39:00-08:00,0,0
resume/index.html,47,html,fbee9582,zhangkevin747,2025-01-17,23:39:00,-08:00,2025-01-17T23:39:00-08:00,0,0
resume/index.html,48,html,fbee9582,zhangkevin747,2025-01-17,23:39:00,-08:00,2025-01-17T23:39:00-08:00,0,9
resume/index.html,49,html,fbee9582,zhangkevin747,2025-01-17,23:39:00,-08:00,2025-01-17T23:39:00-08:00,0,84
resume/index.html,50,html,fbee9582,zhangkevin747,2025-01-17,23:39:00,-08:00,2025-01-17T23:39:00-08:00,0,67
resume/index.html,51,html,fbee9582,zhangkevin747,2025-01-17,23:39:00,-08:00,2025-01-17T23:39:00-08:00,0,0
resume/index.html,52,html,fbee9582,zhangkevin747,2025-01-17,23:39:00,-08:00,2025-01-17T23:39:00-08:00,0,0
resume/index.html,53,html,fbee9582,zhangkevin747,2025-01-17,23:39:00,-08:00,2025-01-17T23:39:00-08:00,0,25
resume/index.html,54,html,fbee9582,zhangkevin747,2025-01-17,23:39:00,-08:00,2025-01-17T23:39:00-08:00,0,13
resume/index.html,55,html,fbee9582,zhangkevin747,2025-01-17,23:39:00,-08:00,2025-01-17T23:39:00-08:00,0,18
resume/index.html,56,html,fbee9582,zhangkevin747,2025-01-17,23:39:00,-08:00,2025-01-17T23:39:00-08:00,0,17
resume/index.html,57,html,fbee9582,zhangkevin747,2025-01-17,23:39:00,-08:00,2025-01-17T23:39:00-08:00,0,14
resume/index.html,58,html,fbee9582,zhangkevin747,2025-01-17,23:39:00,-08:00,2025-01-17T23:39:00-08:00,0,18
resume/index.html,59,html,fbee9582,zhangkevin747,2025-01-17,23:39:00,-08:00,2025-01-17T23:39:00-08:00,0,37
resume/index.html,60,html,fbee9582,zhangkevin747,2025-01-17,23:39:00,-08:00,2025-01-17T23:39:00-08:00,0,0
resume/index.html,61,html,fbee9582,zhangkevin747,2025-01-17,23:39:00,-08:00,2025-01-17T23:39:00-08:00,0,0
resume/index.html,62,html,fbee9582,zhangkevin747,2025-01-17,23:39:00,-08:00,2025-01-17T23:39:00-08:00,0,3
resume/index.html,63,html,fbee9582,zhangkevin747,2025-01-17,23:39:00,-08:00,2025-01-17T23:39:00-08:00,0,16
resume/index.html,64,html,fbee9582,zhangkevin747,2025-01-17,23:39:00,-08:00,2025-01-17T23:39:00-08:00,0,20
resume/index.html,65,html,fbee9582,zhangkevin747,2025-01-17,23:39:00,-08:00,2025-01-17T23:39:00-08:00,0,16
resume/index.html,66,html,fbee9582,zhangkevin747,2025-01-17,23:39:00,-08:00,2025-01-17T23:39:00-08:00,0,0
resume/index.html,67,html,fbee9582,zhangkevin747,2025-01-17,23:39:00,-08:00,2025-01-17T23:39:00-08:00,0,0
resume/index.html,68,html,fbee9582,zhangkevin747,2025-01-17,23:39:00,-08:00,2025-01-17T23:39:00-08:00,0,3
resume/index.html,69,html,fbee9582,zhangkevin747,2025-01-17,23:39:00,-08:00,2025-01-17T23:39:00-08:00,0,16
resume/index.html,70,html,fbee9582,zhangkevin747,2025-01-17,23:39:00,-08:00,2025-01-17T23:39:00-08:00,0,44
resume/index.html,71,html,fbee9582,zhangkevin747,2025-01-17,23:39:00,-08:00,2025-01-17T23:39:00-08:00,0,21
resume/index.html,72,html,fbee9582,zhangkevin747,2025-01-17,23:39:00,-08:00,2025-01-17T23:39:00-08:00,0,18
resume/index.html,73,html,fbee9582,zhangkevin747,2025-01-17,23:39:00,-08:00,2025-01-17T23:39:00-08:00,0,0
resume/index.html,74,html,fbee9582,zhangkevin747,2025-01-17,23:39:00,-08:00,2025-01-17T23:39:00-08:00,0,0
resume/index.html,75,html,fbee9582,zhangkevin747,2025-01-17,23:39:00,-08:00,2025-01-17T23:39:00-08:00,0,3
resume/index.html,76,html,fbee9582,zhangkevin747,2025-01-17,23:39:00,-08:00,2025-01-17T23:39:00-08:00,0,16
resume/index.html,77,html,fbee9582,zhangkevin747,2025-01-17,23:39:00,-08:00,2025-01-17T23:39:00-08:00,0,20
resume/index.html,78,html,fbee9582,zhangkevin747,2025-01-17,23:39:00,-08:00,2025-01-17T23:39:00-08:00,0,0
resume/index.html,79,html,fbee9582,zhangkevin747,2025-01-17,23:39:00,-08:00,2025-01-17T23:39:00-08:00,0,0
resume/index.html,80,html,fbee9582,zhangkevin747,2025-01-17,23:39:00,-08:00,2025-01-17T23:39:00-08:00,0,6
resume/index.html,81,html,fbee9582,zhangkevin747,2025-01-17,23:39:00,-08:00,2025-01-17T23:39:00-08:00,0,15
resume/index.html,82,html,fbee9582,zhangkevin747,2025-01-17,23:39:00,-08:00,2025-01-17T23:39:00-08:00,0,0
resume/index.html,83,html,fbee9582,zhangkevin747,2025-01-17,23:39:00,-08:00,2025-01-17T23:39:00-08:00,0,0
resume/index.html,84,html,fbee9582,zhangkevin747,2025-01-17,23:39:00,-08:00,2025-01-17T23:39:00-08:00,0,3
resume/index.html,85,html,fbee9582,zhangkevin747,2025-01-17,23:39:00,-08:00,2025-01-17T23:39:00-08:00,0,19
resume/index.html,86,html,fbee9582,zhangkevin747,2025-01-17,23:39:00,-08:00,2025-01-17T23:39:00-08:00,0,21
resume/index.html,87,html,fbee9582,zhangkevin747,2025-01-17,23:39:00,-08:00,2025-01-17T23:39:00-08:00,0,0
resume/index.html,88,html,fbee9582,zhangkevin747,2025-01-17,23:39:00,-08:00,2025-01-17T23:39:00-08:00,0,0
resume/index.html,89,html,fbee9582,zhangkevin747,2025-01-17,23:39:00,-08:00,2025-01-17T23:39:00-08:00,0,3
resume/index.html,90,html,fbee9582,zhangkevin747,2025-01-17,23:39:00,-08:00,2025-01-17T23:39:00-08:00,0,20
resume/index.html,91,html,fbee9582,zhangkevin747,2025-01-17,23:39:00,-08:00,2025-01-17T23:39:00-08:00,0,0
resume/index.html,92,html,fbee9582,zhangkevin747,2025-01-17,23:39:00,-08:00,2025-01-17T23:39:00-08:00,0,7
resume/index.html,93,html,470c7f4a,zhangkevin747,2025-01-10,13:34:01,-08:00,2025-01-10T13:34:01-08:00,0,6
resume/index.html,94,html,470c7f4a,zhangkevin747,2025-01-10,13:34:01,-08:00,2025-01-10T13:34:01-08:00,0,5
resume/index.html,95,html,fbee9582,zhangkevin747,2025-01-17,23:39:00,-08:00,2025-01-17T23:39:00-08:00,0,28
resume/index.html,96,html,aef210eb,zhangkevin747,2025-01-24,21:58:17,-08:00,2025-01-24T21:58:17-08:00,0,0
resume/index.html,97,html,470c7f4a,zhangkevin747,2025-01-10,13:34:01,-08:00,2025-01-10T13:34:01-08:00,0,5
resume/index.html,98,html,470c7f4a,zhangkevin747,2025-01-10,13:34:01,-08:00,2025-01-10T13:34:01-08:00,0,8
resume/index.html,99,html,470c7f4a,zhangkevin747,2025-01-10,13:34:01,-08:00,2025-01-10T13:34:01-08:00,0,7
resume/index.html,100,html,470c7f4a,zhangkevin747,2025-01-10,13:34:01,-08:00,2025-01-10T13:34:01-08:00,0,17
resume/index.html,101,html,470c7f4a,zhangkevin747,2025-01-10,13:34:01,-08:00,2025-01-10T13:34:01-08:00,0,8
resume/index.html,102,html,470c7f4a,zhangkevin747,2025-01-10,13:34:01,-08:00,2025-01-10T13:34:01-08:00,0,8
resume/index.html,103,html,fbee9582,zhangkevin747,2025-01-17,23:39:00,-08:00,2025-01-17T23:39:00-08:00,0,43
resume/index.html,104,html,470c7f4a,zhangkevin747,2025-01-10,13:34:01,-08:00,2025-01-10T13:34:01-08:00,0,41
resume/index.html,105,html,fbee9582,zhangkevin747,2025-01-17,23:39:00,-08:00,2025-01-17T23:39:00-08:00,0,38
resume/index.html,106,html,fbee9582,zhangkevin747,2025-01-17,23:39:00,-08:00,2025-01-17T23:39:00-08:00,0,44
resume/index.html,107,html,fbee9582,zhangkevin747,2025-01-17,23:39:00,-08:00,2025-01-17T23:39:00-08:00,0,45
resume/index.html,108,html,fbee9582,zhangkevin747,2025-01-17,23:39:00,-08:00,2025-01-17T23:39:00-08:00,0,223
resume/index.html,109,html,470c7f4a,zhangkevin747,2025-01-10,13:34:01,-08:00,2025-01-10T13:34:01-08:00,0,9
resume/index.html,110,html,470c7f4a,zhangkevin747,2025-01-10,13:34:01,-08:00,2025-01-10T13:34:01-08:00,0,9
resume/index.html,111,html,470c7f4a,zhangkevin747,2025-01-10,13:34:01,-08:00,2025-01-10T13:34:01-08:00,0,0
resume/index.html,112,html,470c7f4a,zhangkevin747,2025-01-10,13:34:01,-08:00,2025-01-10T13:34:01-08:00,0,8
resume/index.html,113,html,470c7f4a,zhangkevin747,2025-01-10,13:34:01,-08:00,2025-01-10T13:34:01-08:00,0,7
resume/index.html,114,html,470c7f4a,zhangkevin747,2025-01-10,13:34:01,-08:00,2025-01-10T13:34:01-08:00,0,18
resume/index.html,115,html,470c7f4a,zhangkevin747,2025-01-10,13:34:01,-08:00,2025-01-10T13:34:01-08:00,0,8
resume/index.html,116,html,470c7f4a,zhangkevin747,2025-01-10,13:34:01,-08:00,2025-01-10T13:34:01-08:00,0,8
resume/index.html,117,html,fbee9582,zhangkevin747,2025-01-17,23:39:00,-08:00,2025-01-17T23:39:00-08:00,0,44
resume/index.html,118,html,fbee9582,zhangkevin747,2025-01-17,23:39:00,-08:00,2025-01-17T23:39:00-08:00,0,49
resume/index.html,119,html,fbee9582,zhangkevin747,2025-01-17,23:39:00,-08:00,2025-01-17T23:39:00-08:00,0,47
resume/index.html,120,html,470c7f4a,zhangkevin747,2025-01-10,13:34:01,-08:00,2025-01-10T13:34:01-08:00,0,3
resume/index.html,121,html,470c7f4a,zhangkevin747,2025-01-10,13:34:01,-08:00,2025-01-10T13:34:01-08:00,0,223
resume/index.html,122,html,470c7f4a,zhangkevin747,2025-01-10,13:34:01,-08:00,2025-01-10T13:34:01-08:00,0,83
resume/index.html,123,html,470c7f4a,zhangkevin747,2025-01-10,13:34:01,-08:00,2025-01-10T13:34:01-08:00,0,129
resume/index.html,124,html,470c7f4a,zhangkevin747,2025-01-10,13:34:01,-08:00,2025-01-10T13:34:01-08:00,0,102
resume/index.html,125,html,470c7f4a,zhangkevin747,2025-01-10,13:34:01,-08:00,2025-01-10T13:34:01-08:00,0,4
resume/index.html,126,html,470c7f4a,zhangkevin747,2025-01-10,13:34:01,-08:00,2025-01-10T13:34:01-08:00,0,9
resume/index.html,127,html,470c7f4a,zhangkevin747,2025-01-10,13:34:01,-08:00,2025-01-10T13:34:01-08:00,0,8
resume/index.html,128,html,fbee9582,zhangkevin747,2025-01-17,23:39:00,-08:00,2025-01-17T23:39:00-08:00,0,32
resume/index.html,129,html,fbee9582,zhangkevin747,2025-01-17,23:39:00,-08:00,2025-01-17T23:39:00-08:00,0,62
resume/index.html,130,html,fbee9582,zhangkevin747,2025-01-17,23:39:00,-08:00,2025-01-17T23:39:00-08:00,0,46
resume/index.html,131,html,470c7f4a,zhangkevin747,2025-01-10,13:34:01,-08:00,2025-01-10T13:34:01-08:00,0,3
resume/index.html,132,html,470c7f4a,zhangkevin747,2025-01-10,13:34:01,-08:00,2025-01-10T13:34:01-08:00,0,78
resume/index.html,133,html,470c7f4a,zhangkevin747,2025-01-10,13:34:01,-08:00,2025-01-10T13:34:01-08:00,0,91
resume/index.html,134,html,470c7f4a,zhangkevin747,2025-01-10,13:34:01,-08:00,2025-01-10T13:34:01-08:00,0,98
resume/index.html,135,html,470c7f4a,zhangkevin747,2025-01-10,13:34:01,-08:00,2025-01-10T13:34:01-08:00,0,4
resume/index.html,136,html,470c7f4a,zhangkevin747,2025-01-10,13:34:01,-08:00,2025-01-10T13:34:01-08:00,0,9
resume/index.html,137,html,470c7f4a,zhangkevin747,2025-01-10,13:34:01,-08:00,2025-01-10T13:34:01-08:00,0,9
resume/index.html,138,html,470c7f4a,zhangkevin747,2025-01-10,13:34:01,-08:00,2025-01-10T13:34:01-08:00,0,0
resume/index.html,139,html,470c7f4a,zhangkevin747,2025-01-10,13:34:01,-08:00,2025-01-10T13:34:01-08:00,0,8
resume/index.html,140,html,470c7f4a,zhangkevin747,2025-01-10,13:34:01,-08:00,2025-01-10T13:34:01-08:00,0,7
resume/index.html,141,html,470c7f4a,zhangkevin747,2025-01-10,13:34:01,-08:00,2025-01-10T13:34:01-08:00,0,16
resume/index.html,142,html,470c7f4a,zhangkevin747,2025-01-10,13:34:01,-08:00,2025-01-10T13:34:01-08:00,0,8
resume/index.html,143,html,470c7f4a,zhangkevin747,2025-01-10,13:34:01,-08:00,2025-01-10T13:34:01-08:00,0,8
resume/index.html,144,html,fbee9582,zhangkevin747,2025-01-17,23:39:00,-08:00,2025-01-17T23:39:00-08:00,0,40
resume/index.html,145,html,fbee9582,zhangkevin747,2025-01-17,23:39:00,-08:00,2025-01-17T23:39:00-08:00,0,95
resume/index.html,146,html,470c7f4a,zhangkevin747,2025-01-10,13:34:01,-08:00,2025-01-10T13:34:01-08:00,0,3
resume/index.html,147,html,470c7f4a,zhangkevin747,2025-01-10,13:34:01,-08:00,2025-01-10T13:34:01-08:00,0,198
resume/index.html,148,html,470c7f4a,zhangkevin747,2025-01-10,13:34:01,-08:00,2025-01-10T13:34:01-08:00,0,123
resume/index.html,149,html,470c7f4a,zhangkevin747,2025-01-10,13:34:01,-08:00,2025-01-10T13:34:01-08:00,0,4
resume/index.html,150,html,470c7f4a,zhangkevin747,2025-01-10,13:34:01,-08:00,2025-01-10T13:34:01-08:00,0,9
resume/index.html,151,html,470c7f4a,zhangkevin747,2025-01-10,13:34:01,-08:00,2025-01-10T13:34:01-08:00,0,8
resume/index.html,152,html,fbee9582,zhangkevin747,2025-01-17,23:39:00,-08:00,2025-01-17T23:39:00-08:00,0,60
resume/index.html,153,html,fbee9582,zhangkevin747,2025-01-17,23:39:00,-08:00,2025-01-17T23:39:00-08:00,0,56
resume/index.html,154,html,470c7f4a,zhangkevin747,2025-01-10,13:34:01,-08:00,2025-01-10T13:34:01-08:00,0,3
resume/index.html,155,html,470c7f4a,zhangkevin747,2025-01-10,13:34:01,-08:00,2025-01-10T13:34:01-08:00,0,111
resume/index.html,156,html,470c7f4a,zhangkevin747,2025-01-10,13:34:01,-08:00,2025-01-10T13:34:01-08:00,0,70
resume/index.html,157,html,470c7f4a,zhangkevin747,2025-01-10,13:34:01,-08:00,2025-01-10T13:34:01-08:00,0,45
resume/index.html,158,html,470c7f4a,zhangkevin747,2025-01-10,13:34:01,-08:00,2025-01-10T13:34:01-08:00,0,4
resume/index.html,159,html,470c7f4a,zhangkevin747,2025-01-10,13:34:01,-08:00,2025-01-10T13:34:01-08:00,0,9
resume/index.html,160,html,470c7f4a,zhangkevin747,2025-01-10,13:34:01,-08:00,2025-01-10T13:34:01-08:00,0,8
resume/index.html,161,html,fbee9582,zhangkevin747,2025-01-17,23:39:00,-08:00,2025-01-17T23:39:00-08:00,0,155
resume/index.html,162,html,fbee9582,zhangkevin747,2025-01-17,23:39:00,-08:00,2025-01-17T23:39:00-08:00,0,65
resume/index.html,163,html,470c7f4a,zhangkevin747,2025-01-10,13:34:01,-08:00,2025-01-10T13:34:01-08:00,0,3
resume/index.html,164,html,470c7f4a,zhangkevin747,2025-01-10,13:34:01,-08:00,2025-01-10T13:34:01-08:00,0,139
resume/index.html,165,html,470c7f4a,zhangkevin747,2025-01-10,13:34:01,-08:00,2025-01-10T13:34:01-08:00,0,78
resume/index.html,166,html,470c7f4a,zhangkevin747,2025-01-10,13:34:01,-08:00,2025-01-10T13:34:01-08:00,0,4
resume/index.html,167,html,470c7f4a,zhangkevin747,2025-01-10,13:34:01,-08:00,2025-01-10T13:34:01-08:00,0,9
resume/index.html,168,html,470c7f4a,zhangkevin747,2025-01-10,13:34:01,-08:00,2025-01-10T13:34:01-08:00,0,9
resume/index.html,169,html,470c7f4a,zhangkevin747,2025-01-10,13:34:01,-08:00,2025-01-10T13:34:01-08:00,0,0
resume/index.html,170,html,470c7f4a,zhangkevin747,2025-01-10,13:34:01,-08:00,2025-01-10T13:34:01-08:00,0,8
resume/index.html,171,html,470c7f4a,zhangkevin747,2025-01-10,13:34:01,-08:00,2025-01-10T13:34:01-08:00,0,7
resume/index.html,172,html,470c7f4a,zhangkevin747,2025-01-10,13:34:01,-08:00,2025-01-10T13:34:01-08:00,0,24
resume/index.html,173,html,470c7f4a,zhangkevin747,2025-01-10,13:34:01,-08:00,2025-01-10T13:34:01-08:00,0,8
resume/index.html,174,html,470c7f4a,zhangkevin747,2025-01-10,13:34:01,-08:00,2025-01-10T13:34:01-08:00,0,3
resume/index.html,175,html,470c7f4a,zhangkevin747,2025-01-10,13:34:01,-08:00,2025-01-10T13:34:01-08:00,0,70
resume/index.html,176,html,470c7f4a,zhangkevin747,2025-01-10,13:34:01,-08:00,2025-01-10T13:34:01-08:00,0,77
resume/index.html,177,html,470c7f4a,zhangkevin747,2025-01-10,13:34:01,-08:00,2025-01-10T13:34:01-08:00,0,96
resume/index.html,178,html,470c7f4a,zhangkevin747,2025-01-10,13:34:01,-08:00,2025-01-10T13:34:01-08:00,0,58
resume/index.html,179,html,470c7f4a,zhangkevin747,2025-01-10,13:34:01,-08:00,2025-01-10T13:34:01-08:00,0,88
resume/index.html,180,html,470c7f4a,zhangkevin747,2025-01-10,13:34:01,-08:00,2025-01-10T13:34:01-08:00,0,84
resume/index.html,181,html,470c7f4a,zhangkevin747,2025-01-10,13:34:01,-08:00,2025-01-10T13:34:01-08:00,0,4
resume/index.html,182,html,470c7f4a,zhangkevin747,2025-01-10,13:34:01,-08:00,2025-01-10T13:34:01-08:00,0,9
resume/index.html,183,html,470c7f4a,zhangkevin747,2025-01-10,13:34:01,-08:00,2025-01-10T13:34:01-08:00,0,6
resume/index.html,184,html,470c7f4a,zhangkevin747,2025-01-10,13:34:01,-08:00,2025-01-10T13:34:01-08:00,0,6
resume/index.html,185,html,470c7f4a,zhangkevin747,2025-01-10,13:34:01,-08:00,2025-01-10T13:34:01-08:00,0,6
projects/index.html,1,html,470c7f4a,zhangkevin747,2025-01-10,13:34:01,-08:00,2025-01-10T13:34:01-08:00,0,14
projects/index.html,2,html,470c7f4a,zhangkevin747,2025-01-10,13:34:01,-08:00,2025-01-10T13:34:01-08:00,0,15
projects/index.html,3,html,470c7f4a,zhangkevin747,2025-01-10,13:34:01,-08:00,2025-01-10T13:34:01-08:00,0,5
projects/index.html,4,html,470c7f4a,zhangkevin747,2025-01-10,13:34:01,-08:00,2025-01-10T13:34:01-08:00,0,21
projects/index.html,5,html,470c7f4a,zhangkevin747,2025-01-10,13:34:01,-08:00,2025-01-10T13:34:01-08:00,0,69
projects/index.html,6,html,470c7f4a,zhangkevin747,2025-01-10,13:34:01,-08:00,2025-01-10T13:34:01-08:00,0,22
projects/index.html,7,html,aef210eb,zhangkevin747,2025-01-24,21:58:17,-08:00,2025-01-24T21:58:17-08:00,0,43
projects/index.html,8,html,23b5fab9,zhangkevin747,2025-01-25,13:51:47,-08:00,2025-01-25T13:51:47-08:00,0,49
projects/index.html,9,html,fbee9582,zhangkevin747,2025-01-17,23:39:00,-08:00,2025-01-17T23:39:00-08:00,0,6
projects/index.html,10,html,fbee9582,zhangkevin747,2025-01-17,23:39:00,-08:00,2025-01-17T23:39:00-08:00,0,28
projects/index.html,11,html,fbee9582,zhangkevin747,2025-01-17,23:39:00,-08:00,2025-01-17T23:39:00-08:00,0,5
projects/index.html,12,html,fbee9582,zhangkevin747,2025-01-17,23:39:00,-08:00,2025-01-17T23:39:00-08:00,0,30
projects/index.html,13,html,fbee9582,zhangkevin747,2025-01-17,23:39:00,-08:00,2025-01-17T23:39:00-08:00,0,16
projects/index.html,14,html,aef210eb,zhangkevin747,2025-01-24,21:58:17,-08:00,2025-01-24T21:58:17-08:00,0,16
projects/index.html,15,html,aef210eb,zhangkevin747,2025-01-24,21:58:17,-08:00,2025-01-24T21:58:17-08:00,0,43
projects/index.html,16,html,aef210eb,zhangkevin747,2025-01-24,21:58:17,-08:00,2025-01-24T21:58:17-08:00,0,19
projects/index.html,17,html,fbee9582,zhangkevin747,2025-01-17,23:39:00,-08:00,2025-01-17T23:39:00-08:00,0,0
projects/index.html,18,html,fbee9582,zhangkevin747,2025-01-17,23:39:00,-08:00,2025-01-17T23:39:00-08:00,0,0
projects/index.html,19,html,fbee9582,zhangkevin747,2025-01-17,23:39:00,-08:00,2025-01-17T23:39:00-08:00,0,26
projects/index.html,20,html,fbee9582,zhangkevin747,2025-01-17,23:39:00,-08:00,2025-01-17T23:39:00-08:00,0,4
projects/index.html,21,html,fbee9582,zhangkevin747,2025-01-17,23:39:00,-08:00,2025-01-17T23:39:00-08:00,0,13
projects/index.html,22,html,fbee9582,zhangkevin747,2025-01-17,23:39:00,-08:00,2025-01-17T23:39:00-08:00,0,30
projects/index.html,23,html,fbee9582,zhangkevin747,2025-01-17,23:39:00,-08:00,2025-01-17T23:39:00-08:00,0,18
projects/index.html,24,html,aef210eb,zhangkevin747,2025-01-24,21:58:17,-08:00,2025-01-24T21:58:17-08:00,0,67
projects/index.html,25,html,fbee9582,zhangkevin747,2025-01-17,23:39:00,-08:00,2025-01-17T23:39:00-08:00,0,21
projects/index.html,26,html,fbee9582,zhangkevin747,2025-01-17,23:39:00,-08:00,2025-01-17T23:39:00-08:00,0,0
projects/index.html,27,html,fbee9582,zhangkevin747,2025-01-17,23:39:00,-08:00,2025-01-17T23:39:00-08:00,0,0
projects/index.html,28,html,aef210eb,zhangkevin747,2025-01-24,21:58:17,-08:00,2025-01-24T21:58:17-08:00,0,0
projects/index.html,29,html,fbee9582,zhangkevin747,2025-01-17,23:39:00,-08:00,2025-01-17T23:39:00-08:00,0,6
projects/index.html,30,html,fbee9582,zhangkevin747,2025-01-17,23:39:00,-08:00,2025-01-17T23:39:00-08:00,0,7
projects/index.html,31,html,fbee9582,zhangkevin747,2025-01-17,23:39:00,-08:00,2025-01-17T23:39:00-08:00,0,18
projects/index.html,32,html,fbee9582,zhangkevin747,2025-01-17,23:39:00,-08:00,2025-01-17T23:39:00-08:00,0,21
projects/index.html,33,html,fbee9582,zhangkevin747,2025-01-17,23:39:00,-08:00,2025-01-17T23:39:00-08:00,0,14
projects/index.html,34,html,fbee9582,zhangkevin747,2025-01-17,23:39:00,-08:00,2025-01-17T23:39:00-08:00,0,14
projects/index.html,35,html,fbee9582,zhangkevin747,2025-01-17,23:39:00,-08:00,2025-01-17T23:39:00-08:00,0,0
projects/index.html,36,html,fbee9582,zhangkevin747,2025-01-17,23:39:00,-08:00,2025-01-17T23:39:00-08:00,0,0
projects/index.html,37,html,fbee9582,zhangkevin747,2025-01-17,23:39:00,-08:00,2025-01-17T23:39:00-08:00,0,12
projects/index.html,38,html,fbee9582,zhangkevin747,2025-01-17,23:39:00,-08:00,2025-01-17T23:39:00-08:00,0,31
projects/index.html,39,html,fbee9582,zhangkevin747,2025-01-17,23:39:00,-08:00,2025-01-17T23:39:00-08:00,0,0
projects/index.html,40,html,fbee9582,zhangkevin747,2025-01-17,23:39:00,-08:00,2025-01-17T23:39:00-08:00,0,0
projects/index.html,41,html,fbee9582,zhangkevin747,2025-01-17,23:39:00,-08:00,2025-01-17T23:39:00-08:00,0,9
projects/index.html,42,html,fbee9582,zhangkevin747,2025-01-17,23:39:00,-08:00,2025-01-17T23:39:00-08:00,0,31
projects/index.html,43,html,fbee9582,zhangkevin747,2025-01-17,23:39:00,-08:00,2025-01-17T23:39:00-08:00,0,21
projects/index.html,44,html,fbee9582,zhangkevin747,2025-01-17,23:39:00,-08:00,2025-01-17T23:39:00-08:00,0,0
projects/index.html,45,html,fbee9582,zhangkevin747,2025-01-17,23:39:00,-08:00,2025-01-17T23:39:00-08:00,0,0
projects/index.html,46,html,fbee9582,zhangkevin747,2025-01-17,23:39:00,-08:00,2025-01-17T23:39:00-08:00,0,13
projects/index.html,47,html,fbee9582,zhangkevin747,2025-01-17,23:39:00,-08:00,2025-01-17T23:39:00-08:00,0,3
projects/index.html,48,html,fbee9582,zhangkevin747,2025-01-17,23:39:00,-08:00,2025-01-17T23:39:00-08:00,0,50
projects/index.html,49,html,fbee9582,zhangkevin747,2025-01-17,23:39:00,-08:00,2025-01-17T23:39:00-08:00,0,18
projects/index.html,50,html,fbee9582,zhangkevin747,2025-01-17,23:39:00,-08:00,2025-01-17T23:39:00-08:00,0,16
projects/index.html,51,html,fbee9582,zhangkevin747,2025-01-17,23:39:00,-08:00,2025-01-17T23:39:00-08:00,0,18
projects/index.html,52,html,fbee9582,zhangkevin747,2025-01-17,23:39:00,-08:00,2025-01-17T23:39:00-08:00,0,0
projects/index.html,53,html,fbee9582,zhangkevin747,2025-01-17,23:39:00,-08:00,2025-01-17T23:39:00-08:00,0,0
projects/index.html,54,html,fbee9582,zhangkevin747,2025-01-17,23:39:00,-08:00,2025-01-17T23:39:00-08:00,0,3
projects/index.html,55,html,fbee9582,zhangkevin747,2025-01-17,23:39:00,-08:00,2025-01-17T23:39:00-08:00,0,16
projects/index.html,56,html,fbee9582,zhangkevin747,2025-01-17,23:39:00,-08:00,2025-01-17T23:39:00-08:00,0,9
projects/index.html,57,html,fbee9582,zhangkevin747,2025-01-17,23:39:00,-08:00,2025-01-17T23:39:00-08:00,0,16
projects/index.html,58,html,fbee9582,zhangkevin747,2025-01-17,23:39:00,-08:00,2025-01-17T23:39:00-08:00,0,18
projects/index.html,59,html,fbee9582,zhangkevin747,2025-01-17,23:39:00,-08:00,2025-01-17T23:39:00-08:00,0,0
projects/index.html,60,html,fbee9582,zhangkevin747,2025-01-17,23:39:00,-08:00,2025-01-17T23:39:00-08:00,0,0
projects/index.html,61,html,fbee9582,zhangkevin747,2025-01-17,23:39:00,-08:00,2025-01-17T23:39:00-08:00,0,25
projects/index.html,62,html,fbee9582,zhangkevin747,2025-01-17,23:39:00,-08:00,2025-01-17T23:39:00-08:00,0,10
projects/index.html,63,html,fbee9582,zhangkevin747,2025-01-17,23:39:00,-08:00,2025-01-17T23:39:00-08:00,0,13
projects/index.html,64,html,fbee9582,zhangkevin747,2025-01-17,23:39:00,-08:00,2025-01-17T23:39:00-08:00,0,81
projects/index.html,65,html,fbee9582,zhangkevin747,2025-01-17,23:39:00,-08:00,2025-01-17T23:39:00-08:00,0,37
projects/index.html,66,html,fbee9582,zhangkevin747,2025-01-17,23:39:00,-08:00,2025-01-17T23:39:00-08:00,0,0
projects/index.html,67,html,fbee9582,zhangkevin747,2025-01-17,23:39:00,-08:00,2025-01-17T23:39:00-08:00,0,0
projects/index.html,68,html,fbee9582,zhangkevin747,2025-01-17,23:39:00,-08:00,2025-01-17T23:39:00-08:00,0,18
projects/index.html,69,html,fbee9582,zhangkevin747,2025-01-17,23:39:00,-08:00,2025-01-17T23:39:00-08:00,0,54
projects/index.html,70,html,fbee9582,zhangkevin747,2025-01-17,23:39:00,-08:00,2025-01-17T23:39:00-08:00,0,27
projects/index.html,71,html,fbee9582,zhangkevin747,2025-01-17,23:39:00,-08:00,2025-01-17T23:39:00-08:00,0,48
projects/index.html,72,html,fbee9582,zhangkevin747,2025-01-17,23:39:00,-08:00,2025-01-17T23:39:00-08:00,0,25
projects/index.html,73,html,fbee9582,zhangkevin747,2025-01-17,23:39:00,-08:00,2025-01-17T23:39:00-08:00,0,12
projects/index.html,74,html,fbee9582,zhangkevin747,2025-01-17,23:39:00,-08:00,2025-01-17T23:39:00-08:00,0,22
projects/index.html,75,html,fbee9582,zhangkevin747,2025-01-17,23:39:00,-08:00,2025-01-17T23:39:00-08:00,0,18
projects/index.html,76,html,fbee9582,zhangkevin747,2025-01-17,23:39:00,-08:00,2025-01-17T23:39:00-08:00,0,22
projects/index.html,77,html,fbee9582,zhangkevin747,2025-01-17,23:39:00,-08:00,2025-01-17T23:39:00-08:00,0,0
projects/index.html,78,html,fbee9582,zhangkevin747,2025-01-17,23:39:00,-08:00,2025-01-17T23:39:00-08:00,0,0
projects/index.html,79,html,fbee9582,zhangkevin747,2025-01-17,23:39:00,-08:00,2025-01-17T23:39:00-08:00,0,14
projects/index.html,80,html,fbee9582,zhangkevin747,2025-01-17,23:39:00,-08:00,2025-01-17T23:39:00-08:00,0,63
projects/index.html,81,html,fbee9582,zhangkevin747,2025-01-17,23:39:00,-08:00,2025-01-17T23:39:00-08:00,0,12
projects/index.html,82,html,fbee9582,zhangkevin747,2025-01-17,23:39:00,-08:00,2025-01-17T23:39:00-08:00,0,20
projects/index.html,83,html,fbee9582,zhangkevin747,2025-01-17,23:39:00,-08:00,2025-01-17T23:39:00-08:00,0,0
projects/index.html,84,html,fbee9582,zhangkevin747,2025-01-17,23:39:00,-08:00,2025-01-17T23:39:00-08:00,0,0
projects/index.html,85,html,fbee9582,zhangkevin747,2025-01-17,23:39:00,-08:00,2025-01-17T23:39:00-08:00,0,12
projects/index.html,86,html,fbee9582,zhangkevin747,2025-01-17,23:39:00,-08:00,2025-01-17T23:39:00-08:00,0,9
projects/index.html,87,html,fbee9582,zhangkevin747,2025-01-17,23:39:00,-08:00,2025-01-17T23:39:00-08:00,0,0
projects/index.html,88,html,fbee9582,zhangkevin747,2025-01-17,23:39:00,-08:00,2025-01-17T23:39:00-08:00,0,7
projects/index.html,89,html,470c7f4a,zhangkevin747,2025-01-10,13:34:01,-08:00,2025-01-10T13:34:01-08:00,0,6
projects/index.html,90,html,470c7f4a,zhangkevin747,2025-01-10,13:34:01,-08:00,2025-01-10T13:34:01-08:00,0,5
projects/index.html,91,html,fbee9582,zhangkevin747,2025-01-17,23:39:00,-08:00,2025-01-17T23:39:00-08:00,0,19
projects/index.html,92,html,aef210eb,zhangkevin747,2025-01-24,21:58:17,-08:00,2025-01-24T21:58:17-08:00,0,0
projects/index.html,93,html,fbee9582,zhangkevin747,2025-01-17,23:39:00,-08:00,2025-01-17T23:39:00-08:00,0,25
projects/index.html,94,html,fbee9582,zhangkevin747,2025-01-17,23:39:00,-08:00,2025-01-17T23:39:00-08:00,0,8
projects/index.html,95,html,fbee9582,zhangkevin747,2025-01-17,23:39:00,-08:00,2025-01-17T23:39:00-08:00,0,19
projects/index.html,96,html,fbee9582,zhangkevin747,2025-01-17,23:39:00,-08:00,2025-01-17T23:39:00-08:00,0,82
projects/index.html,97,html,fbee9582,zhangkevin747,2025-01-17,23:39:00,-08:00,2025-01-17T23:39:00-08:00,0,62
projects/index.html,98,html,fbee9582,zhangkevin747,2025-01-17,23:39:00,-08:00,2025-01-17T23:39:00-08:00,0,9
projects/index.html,99,html,fbee9582,zhangkevin747,2025-01-17,23:39:00,-08:00,2025-01-17T23:39:00-08:00,0,8
projects/index.html,100,html,fbee9582,zhangkevin747,2025-01-17,23:39:00,-08:00,2025-01-17T23:39:00-08:00,0,19
projects/index.html,101,html,fbee9582,zhangkevin747,2025-01-17,23:39:00,-08:00,2025-01-17T23:39:00-08:00,0,82
projects/index.html,102,html,fbee9582,zhangkevin747,2025-01-17,23:39:00,-08:00,2025-01-17T23:39:00-08:00,0,62
projects/index.html,103,html,fbee9582,zhangkevin747,2025-01-17,23:39:00,-08:00,2025-01-17T23:39:00-08:00,0,9
projects/index.html,104,html,fbee9582,zhangkevin747,2025-01-17,23:39:00,-08:00,2025-01-17T23:39:00-08:00,0,8
projects/index.html,105,html,fbee9582,zhangkevin747,2025-01-17,23:39:00,-08:00,2025-01-17T23:39:00-08:00,0,19
projects/index.html,106,html,fbee9582,zhangkevin747,2025-01-17,23:39:00,-08:00,2025-01-17T23:39:00-08:00,0,82
projects/index.html,107,html,fbee9582,zhangkevin747,2025-01-17,23:39:00,-08:00,2025-01-17T23:39:00-08:00,0,62
projects/index.html,108,html,fbee9582,zhangkevin747,2025-01-17,23:39:00,-08:00,2025-01-17T23:39:00-08:00,0,9
projects/index.html,109,html,fbee9582,zhangkevin747,2025-01-17,23:39:00,-08:00,2025-01-17T23:39:00-08:00,0,8
projects/index.html,110,html,fbee9582,zhangkevin747,2025-01-17,23:39:00,-08:00,2025-01-17T23:39:00-08:00,0,19
projects/index.html,111,html,fbee9582,zhangkevin747,2025-01-17,23:39:00,-08:00,2025-01-17T23:39:00-08:00,0,82
projects/index.html,112,html,fbee9582,zhangkevin747,2025-01-17,23:39:00,-08:00,2025-01-17T23:39:00-08:00,0,62
projects/index.html,113,html,fbee9582,zhangkevin747,2025-01-17,23:39:00,-08:00,2025-01-17T23:39:00-08:00,0,9
projects/index.html,114,html,fbee9582,zhangkevin747,2025-01-17,23:39:00,-08:00,2025-01-17T23:39:00-08:00,0,8
projects/index.html,115,html,fbee9582,zhangkevin747,2025-01-17,23:39:00,-08:00,2025-01-17T23:39:00-08:00,0,19
projects/index.html,116,html,fbee9582,zhangkevin747,2025-01-17,23:39:00,-08:00,2025-01-17T23:39:00-08:00,0,82
projects/index.html,117,html,fbee9582,zhangkevin747,2025-01-17,23:39:00,-08:00,2025-01-17T23:39:00-08:00,0,62
projects/index.html,118,html,fbee9582,zhangkevin747,2025-01-17,23:39:00,-08:00,2025-01-17T23:39:00-08:00,0,9
projects/index.html,119,html,fbee9582,zhangkevin747,2025-01-17,23:39:00,-08:00,2025-01-17T23:39:00-08:00,0,8
projects/index.html,120,html,fbee9582,zhangkevin747,2025-01-17,23:39:00,-08:00,2025-01-17T23:39:00-08:00,0,19
projects/index.html,121,html,fbee9582,zhangkevin747,2025-01-17,23:39:00,-08:00,2025-01-17T23:39:00-08:00,0,82
projects/index.html,122,html,fbee9582,zhangkevin747,2025-01-17,23:39:00,-08:00,2025-01-17T23:39:00-08:00,0,62
projects/index.html,123,html,fbee9582,zhangkevin747,2025-01-17,23:39:00,-08:00,2025-01-17T23:39:00-08:00,0,9
projects/index.html,124,html,fbee9582,zhangkevin747,2025-01-17,23:39:00,-08:00,2025-01-17T23:39:00-08:00,0,8
projects/index.html,125,html,fbee9582,zhangkevin747,2025-01-17,23:39:00,-08:00,2025-01-17T23:39:00-08:00,0,19
projects/index.html,126,html,fbee9582,zhangkevin747,2025-01-17,23:39:00,-08:00,2025-01-17T23:39:00-08:00,0,82
projects/index.html,127,html,fbee9582,zhangkevin747,2025-01-17,23:39:00,-08:00,2025-01-17T23:39:00-08:00,0,62
projects/index.html,128,html,fbee9582,zhangkevin747,2025-01-17,23:39:00,-08:00,2025-01-17T23:39:00-08:00,0,9
projects/index.html,129,html,fbee9582,zhangkevin747,2025-01-17,23:39:00,-08:00,2025-01-17T23:39:00-08:00,0,8
projects/index.html,130,html,fbee9582,zhangkevin747,2025-01-17,23:39:00,-08:00,2025-01-17T23:39:00-08:00,0,19
projects/index.html,131,html,fbee9582,zhangkevin747,2025-01-17,23:39:00,-08:00,2025-01-17T23:39:00-08:00,0,82
projects/index.html,132,html,fbee9582,zhangkevin747,2025-01-17,23:39:00,-08:00,2025-01-17T23:39:00-08:00,0,62
projects/index.html,133,html,fbee9582,zhangkevin747,2025-01-17,23:39:00,-08:00,2025-01-17T23:39:00-08:00,0,9
projects/index.html,134,html,fbee9582,zhangkevin747,2025-01-17,23:39:00,-08:00,2025-01-17T23:39:00-08:00,0,8
projects/index.html,135,html,fbee9582,zhangkevin747,2025-01-17,23:39:00,-08:00,2025-01-17T23:39:00-08:00,0,19
projects/index.html,136,html,fbee9582,zhangkevin747,2025-01-17,23:39:00,-08:00,2025-01-17T23:39:00-08:00,0,82
projects/index.html,137,html,fbee9582,zhangkevin747,2025-01-17,23:39:00,-08:00,2025-01-17T23:39:00-08:00,0,62
projects/index.html,138,html,fbee9582,zhangkevin747,2025-01-17,23:39:00,-08:00,2025-01-17T23:39:00-08:00,0,9
projects/index.html,139,html,fbee9582,zhangkevin747,2025-01-17,23:39:00,-08:00,2025-01-17T23:39:00-08:00,0,8
projects/index.html,140,html,fbee9582,zhangkevin747,2025-01-17,23:39:00,-08:00,2025-01-17T23:39:00-08:00,0,19
projects/index.html,141,html,fbee9582,zhangkevin747,2025-01-17,23:39:00,-08:00,2025-01-17T23:39:00-08:00,0,82
projects/index.html,142,html,fbee9582,zhangkevin747,2025-01-17,23:39:00,-08:00,2025-01-17T23:39:00-08:00,0,62
projects/index.html,143,html,fbee9582,zhangkevin747,2025-01-17,23:39:00,-08:00,2025-01-17T23:39:00-08:00,0,9
projects/index.html,144,html,fbee9582,zhangkevin747,2025-01-17,23:39:00,-08:00,2025-01-17T23:39:00-08:00,0,8
projects/index.html,145,html,fbee9582,zhangkevin747,2025-01-17,23:39:00,-08:00,2025-01-17T23:39:00-08:00,0,19
projects/index.html,146,html,fbee9582,zhangkevin747,2025-01-17,23:39:00,-08:00,2025-01-17T23:39:00-08:00,0,82
projects/index.html,147,html,fbee9582,zhangkevin747,2025-01-17,23:39:00,-08:00,2025-01-17T23:39:00-08:00,0,62
projects/index.html,148,html,fbee9582,zhangkevin747,2025-01-17,23:39:00,-08:00,2025-01-17T23:39:00-08:00,0,9
projects/index.html,149,html,fbee9582,zhangkevin747,2025-01-17,23:39:00,-08:00,2025-01-17T23:39:00-08:00,0,8
projects/index.html,150,html,fbee9582,zhangkevin747,2025-01-17,23:39:00,-08:00,2025-01-17T23:39:00-08:00,0,19
projects/index.html,151,html,fbee9582,zhangkevin747,2025-01-17,23:39:00,-08:00,2025-01-17T23:39:00-08:00,0,82
projects/index.html,152,html,fbee9582,zhangkevin747,2025-01-17,23:39:00,-08:00,2025-01-17T23:39:00-08:00,0,62
projects/index.html,153,html,fbee9582,zhangkevin747,2025-01-17,23:39:00,-08:00,2025-01-17T23:39:00-08:00,0,9
projects/index.html,154,html,fbee9582,zhangkevin747,2025-01-17,23:39:00,-08:00,2025-01-17T23:39:00-08:00,0,9
projects/index.html,155,html,470c7f4a,zhangkevin747,2025-01-10,13:34:01,-08:00,2025-01-10T13:34:01-08:00,0,6
projects/index.html,156,html,fbee9582,zhangkevin747,2025-01-17,23:39:00,-08:00,2025-01-17T23:39:00-08:00,0,6
meta/index.html,1,html,6eb9da9b,zhangkevin747,2025-02-12,16:38:46,-08:00,2025-02-12T16:38:46-08:00,0,14
meta/index.html,2,html,6eb9da9b,zhangkevin747,2025-02-12,16:38:46,-08:00,2025-02-12T16:38:46-08:00,0,15
meta/index.html,3,html,6eb9da9b,zhangkevin747,2025-02-12,16:38:46,-08:00,2025-02-12T16:38:46-08:00,0,5
meta/index.html,4,html,6eb9da9b,zhangkevin747,2025-02-12,16:38:46,-08:00,2025-02-12T16:38:46-08:00,0,21
meta/index.html,5,html,6eb9da9b,zhangkevin747,2025-02-12,16:38:46,-08:00,2025-02-12T16:38:46-08:00,0,69
meta/index.html,6,html,6eb9da9b,zhangkevin747,2025-02-12,16:38:46,-08:00,2025-02-12T16:38:46-08:00,0,18
meta/index.html,7,html,6eb9da9b,zhangkevin747,2025-02-12,16:38:46,-08:00,2025-02-12T16:38:46-08:00,0,43
meta/index.html,8,html,6eb9da9b,zhangkevin747,2025-02-12,16:38:46,-08:00,2025-02-12T16:38:46-08:00,0,49
meta/index.html,9,html,6eb9da9b,zhangkevin747,2025-02-12,16:38:46,-08:00,2025-02-12T16:38:46-08:00,0,6
meta/index.html,10,html,6eb9da9b,zhangkevin747,2025-02-12,16:38:46,-08:00,2025-02-12T16:38:46-08:00,0,28
meta/index.html,11,html,6eb9da9b,zhangkevin747,2025-02-12,16:38:46,-08:00,2025-02-12T16:38:46-08:00,0,5
meta/index.html,12,html,6eb9da9b,zhangkevin747,2025-02-12,16:38:46,-08:00,2025-02-12T16:38:46-08:00,0,30
meta/index.html,13,html,6eb9da9b,zhangkevin747,2025-02-12,16:38:46,-08:00,2025-02-12T16:38:46-08:00,0,16
meta/index.html,14,html,6eb9da9b,zhangkevin747,2025-02-12,16:38:46,-08:00,2025-02-12T16:38:46-08:00,0,16
meta/index.html,15,html,6eb9da9b,zhangkevin747,2025-02-12,16:38:46,-08:00,2025-02-12T16:38:46-08:00,0,43
meta/index.html,16,html,6eb9da9b,zhangkevin747,2025-02-12,16:38:46,-08:00,2025-02-12T16:38:46-08:00,0,19
meta/index.html,17,html,6eb9da9b,zhangkevin747,2025-02-12,16:38:46,-08:00,2025-02-12T16:38:46-08:00,0,0
meta/index.html,18,html,6eb9da9b,zhangkevin747,2025-02-12,16:38:46,-08:00,2025-02-12T16:38:46-08:00,0,0
meta/index.html,19,html,6eb9da9b,zhangkevin747,2025-02-12,16:38:46,-08:00,2025-02-12T16:38:46-08:00,0,26
meta/index.html,20,html,6eb9da9b,zhangkevin747,2025-02-12,16:38:46,-08:00,2025-02-12T16:38:46-08:00,0,4
meta/index.html,21,html,6eb9da9b,zhangkevin747,2025-02-12,16:38:46,-08:00,2025-02-12T16:38:46-08:00,0,13
meta/index.html,22,html,6eb9da9b,zhangkevin747,2025-02-12,16:38:46,-08:00,2025-02-12T16:38:46-08:00,0,30
meta/index.html,23,html,6eb9da9b,zhangkevin747,2025-02-12,16:38:46,-08:00,2025-02-12T16:38:46-08:00,0,18
meta/index.html,24,html,6eb9da9b,zhangkevin747,2025-02-12,16:38:46,-08:00,2025-02-12T16:38:46-08:00,0,67
meta/index.html,25,html,6eb9da9b,zhangkevin747,2025-02-12,16:38:46,-08:00,2025-02-12T16:38:46-08:00,0,21
meta/index.html,26,html,6eb9da9b,zhangkevin747,2025-02-12,16:38:46,-08:00,2025-02-12T16:38:46-08:00,0,0
meta/index.html,27,html,6eb9da9b,zhangkevin747,2025-02-12,16:38:46,-08:00,2025-02-12T16:38:46-08:00,0,0
meta/index.html,28,html,6eb9da9b,zhangkevin747,2025-02-12,16:38:46,-08:00,2025-02-12T16:38:46-08:00,0,0
meta/index.html,29,html,6eb9da9b,zhangkevin747,2025-02-12,16:38:46,-08:00,2025-02-12T16:38:46-08:00,0,6
meta/index.html,30,html,6eb9da9b,zhangkevin747,2025-02-12,16:38:46,-08:00,2025-02-12T16:38:46-08:00,0,7
meta/index.html,31,html,6eb9da9b,zhangkevin747,2025-02-12,16:38:46,-08:00,2025-02-12T16:38:46-08:00,0,18
meta/index.html,32,html,6eb9da9b,zhangkevin747,2025-02-12,16:38:46,-08:00,2025-02-12T16:38:46-08:00,0,21
meta/index.html,33,html,6eb9da9b,zhangkevin747,2025-02-12,16:38:46,-08:00,2025-02-12T16:38:46-08:00,0,14
meta/index.html,34,html,6eb9da9b,zhangkevin747,2025-02-12,16:38:46,-08:00,2025-02-12T16:38:46-08:00,0,14
meta/index.html,35,html,6eb9da9b,zhangkevin747,2025-02-12,16:38:46,-08:00,2025-02-12T16:38:46-08:00,0,0
meta/index.html,36,html,6eb9da9b,zhangkevin747,2025-02-12,16:38:46,-08:00,2025-02-12T16:38:46-08:00,0,0
meta/index.html,37,html,6eb9da9b,zhangkevin747,2025-02-12,16:38:46,-08:00,2025-02-12T16:38:46-08:00,0,12
meta/index.html,38,html,6eb9da9b,zhangkevin747,2025-02-12,16:38:46,-08:00,2025-02-12T16:38:46-08:00,0,31
meta/index.html,39,html,6eb9da9b,zhangkevin747,2025-02-12,16:38:46,-08:00,2025-02-12T16:38:46-08:00,0,0
meta/index.html,40,html,6eb9da9b,zhangkevin747,2025-02-12,16:38:46,-08:00,2025-02-12T16:38:46-08:00,0,0
meta/index.html,41,html,6eb9da9b,zhangkevin747,2025-02-12,16:38:46,-08:00,2025-02-12T16:38:46-08:00,0,9
meta/index.html,42,html,6eb9da9b,zhangkevin747,2025-02-12,16:38:46,-08:00,2025-02-12T16:38:46-08:00,0,31
meta/index.html,43,html,6eb9da9b,zhangkevin747,2025-02-12,16:38:46,-08:00,2025-02-12T16:38:46-08:00,0,21
meta/index.html,44,html,6eb9da9b,zhangkevin747,2025-02-12,16:38:46,-08:00,2025-02-12T16:38:46-08:00,0,0
meta/index.html,45,html,6eb9da9b,zhangkevin747,2025-02-12,16:38:46,-08:00,2025-02-12T16:38:46-08:00,0,0
meta/index.html,46,html,6eb9da9b,zhangkevin747,2025-02-12,16:38:46,-08:00,2025-02-12T16:38:46-08:00,0,13
meta/index.html,47,html,6eb9da9b,zhangkevin747,2025-02-12,16:38:46,-08:00,2025-02-12T16:38:46-08:00,0,3
meta/index.html,48,html,6eb9da9b,zhangkevin747,2025-02-12,16:38:46,-08:00,2025-02-12T16:38:46-08:00,0,50
meta/index.html,49,html,6eb9da9b,zhangkevin747,2025-02-12,16:38:46,-08:00,2025-02-12T16:38:46-08:00,0,18
meta/index.html,50,html,6eb9da9b,zhangkevin747,2025-02-12,16:38:46,-08:00,2025-02-12T16:38:46-08:00,0,16
meta/index.html,51,html,6eb9da9b,zhangkevin747,2025-02-12,16:38:46,-08:00,2025-02-12T16:38:46-08:00,0,18
meta/index.html,52,html,6eb9da9b,zhangkevin747,2025-02-12,16:38:46,-08:00,2025-02-12T16:38:46-08:00,0,0
meta/index.html,53,html,6eb9da9b,zhangkevin747,2025-02-12,16:38:46,-08:00,2025-02-12T16:38:46-08:00,0,0
meta/index.html,54,html,6eb9da9b,zhangkevin747,2025-02-12,16:38:46,-08:00,2025-02-12T16:38:46-08:00,0,3
meta/index.html,55,html,6eb9da9b,zhangkevin747,2025-02-12,16:38:46,-08:00,2025-02-12T16:38:46-08:00,0,16
meta/index.html,56,html,6eb9da9b,zhangkevin747,2025-02-12,16:38:46,-08:00,2025-02-12T16:38:46-08:00,0,9
meta/index.html,57,html,6eb9da9b,zhangkevin747,2025-02-12,16:38:46,-08:00,2025-02-12T16:38:46-08:00,0,16
meta/index.html,58,html,6eb9da9b,zhangkevin747,2025-02-12,16:38:46,-08:00,2025-02-12T16:38:46-08:00,0,18
meta/index.html,59,html,6eb9da9b,zhangkevin747,2025-02-12,16:38:46,-08:00,2025-02-12T16:38:46-08:00,0,0
meta/index.html,60,html,6eb9da9b,zhangkevin747,2025-02-12,16:38:46,-08:00,2025-02-12T16:38:46-08:00,0,0
meta/index.html,61,html,6eb9da9b,zhangkevin747,2025-02-12,16:38:46,-08:00,2025-02-12T16:38:46-08:00,0,25
meta/index.html,62,html,6eb9da9b,zhangkevin747,2025-02-12,16:38:46,-08:00,2025-02-12T16:38:46-08:00,0,10
meta/index.html,63,html,6eb9da9b,zhangkevin747,2025-02-12,16:38:46,-08:00,2025-02-12T16:38:46-08:00,0,13
meta/index.html,64,html,6eb9da9b,zhangkevin747,2025-02-12,16:38:46,-08:00,2025-02-12T16:38:46-08:00,0,81
meta/index.html,65,html,6eb9da9b,zhangkevin747,2025-02-12,16:38:46,-08:00,2025-02-12T16:38:46-08:00,0,37
meta/index.html,66,html,6eb9da9b,zhangkevin747,2025-02-12,16:38:46,-08:00,2025-02-12T16:38:46-08:00,0,0
meta/index.html,67,html,6eb9da9b,zhangkevin747,2025-02-12,16:38:46,-08:00,2025-02-12T16:38:46-08:00,0,0
meta/index.html,68,html,6eb9da9b,zhangkevin747,2025-02-12,16:38:46,-08:00,2025-02-12T16:38:46-08:00,0,18
meta/index.html,69,html,6eb9da9b,zhangkevin747,2025-02-12,16:38:46,-08:00,2025-02-12T16:38:46-08:00,0,54
meta/index.html,70,html,6eb9da9b,zhangkevin747,2025-02-12,16:38:46,-08:00,2025-02-12T16:38:46-08:00,0,27
meta/index.html,71,html,6eb9da9b,zhangkevin747,2025-02-12,16:38:46,-08:00,2025-02-12T16:38:46-08:00,0,48
meta/index.html,72,html,6eb9da9b,zhangkevin747,2025-02-12,16:38:46,-08:00,2025-02-12T16:38:46-08:00,0,25
meta/index.html,73,html,6eb9da9b,zhangkevin747,2025-02-12,16:38:46,-08:00,2025-02-12T16:38:46-08:00,0,12
meta/index.html,74,html,6eb9da9b,zhangkevin747,2025-02-12,16:38:46,-08:00,2025-02-12T16:38:46-08:00,0,22
meta/index.html,75,html,6eb9da9b,zhangkevin747,2025-02-12,16:38:46,-08:00,2025-02-12T16:38:46-08:00,0,18
meta/index.html,76,html,6eb9da9b,zhangkevin747,2025-02-12,16:38:46,-08:00,2025-02-12T16:38:46-08:00,0,22
meta/index.html,77,html,6eb9da9b,zhangkevin747,2025-02-12,16:38:46,-08:00,2025-02-12T16:38:46-08:00,0,0
meta/index.html,78,html,6eb9da9b,zhangkevin747,2025-02-12,16:38:46,-08:00,2025-02-12T16:38:46-08:00,0,0
meta/index.html,79,html,6eb9da9b,zhangkevin747,2025-02-12,16:38:46,-08:00,2025-02-12T16:38:46-08:00,0,14
meta/index.html,80,html,6eb9da9b,zhangkevin747,2025-02-12,16:38:46,-08:00,2025-02-12T16:38:46-08:00,0,63
meta/index.html,81,html,6eb9da9b,zhangkevin747,2025-02-12,16:38:46,-08:00,2025-02-12T16:38:46-08:00,0,12
meta/index.html,82,html,6eb9da9b,zhangkevin747,2025-02-12,16:38:46,-08:00,2025-02-12T16:38:46-08:00,0,20
meta/index.html,83,html,6eb9da9b,zhangkevin747,2025-02-12,16:38:46,-08:00,2025-02-12T16:38:46-08:00,0,0
meta/index.html,84,html,6eb9da9b,zhangkevin747,2025-02-12,16:38:46,-08:00,2025-02-12T16:38:46-08:00,0,0
meta/index.html,85,html,6eb9da9b,zhangkevin747,2025-02-12,16:38:46,-08:00,2025-02-12T16:38:46-08:00,0,12
meta/index.html,86,html,6eb9da9b,zhangkevin747,2025-02-12,16:38:46,-08:00,2025-02-12T16:38:46-08:00,0,9
meta/index.html,87,html,6eb9da9b,zhangkevin747,2025-02-12,16:38:46,-08:00,2025-02-12T16:38:46-08:00,0,0
meta/index.html,88,html,6eb9da9b,zhangkevin747,2025-02-12,16:38:46,-08:00,2025-02-12T16:38:46-08:00,0,7
meta/index.html,89,html,6eb9da9b,zhangkevin747,2025-02-12,16:38:46,-08:00,2025-02-12T16:38:46-08:00,0,6
meta/index.html,90,html,6eb9da9b,zhangkevin747,2025-02-12,16:38:46,-08:00,2025-02-12T16:38:46-08:00,0,5
meta/index.html,91,html,6eb9da9b,zhangkevin747,2025-02-12,16:38:46,-08:00,2025-02-12T16:38:46-08:00,0,7
meta/index.html,92,html,6eb9da9b,zhangkevin747,2025-02-12,16:38:46,-08:00,2025-02-12T16:38:46-08:00,0,12
meta/index.html,93,html,6eb9da9b,zhangkevin747,2025-02-12,16:38:46,-08:00,2025-02-12T16:38:46-08:00,0,8
meta/index.html,94,html,6eb9da9b,zhangkevin747,2025-02-12,16:38:46,-08:00,2025-02-12T16:38:46-08:00,0,6
meta/index.html,95,html,6eb9da9b,zhangkevin747,2025-02-12,16:38:46,-08:00,2025-02-12T16:38:46-08:00,0,6
contact/index.html,1,html,470c7f4a,zhangkevin747,2025-01-10,13:34:01,-08:00,2025-01-10T13:34:01-08:00,0,14
contact/index.html,2,html,470c7f4a,zhangkevin747,2025-01-10,13:34:01,-08:00,2025-01-10T13:34:01-08:00,0,15
contact/index.html,3,html,470c7f4a,zhangkevin747,2025-01-10,13:34:01,-08:00,2025-01-10T13:34:01-08:00,0,5
contact/index.html,4,html,470c7f4a,zhangkevin747,2025-01-10,13:34:01,-08:00,2025-01-10T13:34:01-08:00,0,21
contact/index.html,5,html,470c7f4a,zhangkevin747,2025-01-10,13:34:01,-08:00,2025-01-10T13:34:01-08:00,0,69
contact/index.html,6,html,470c7f4a,zhangkevin747,2025-01-10,13:34:01,-08:00,2025-01-10T13:34:01-08:00,0,21
contact/index.html,7,html,aef210eb,zhangkevin747,2025-01-24,21:58:17,-08:00,2025-01-24T21:58:17-08:00,0,43
contact/index.html,8,html,aef210eb,zhangkevin747,2025-01-24,21:58:17,-08:00,2025-01-24T21:58:17-08:00,0,49
contact/index.html,9,html,fbee9582,zhangkevin747,2025-01-17,23:39:00,-08:00,2025-01-17T23:39:00-08:00,0,6
contact/index.html,10,html,fbee9582,zhangkevin747,2025-01-17,23:39:00,-08:00,2025-01-17T23:39:00-08:00,0,16
contact/index.html,11,html,fbee9582,zhangkevin747,2025-01-17,23:39:00,-08:00,2025-01-17T23:39:00-08:00,0,6
contact/index.html,12,html,fbee9582,zhangkevin747,2025-01-17,23:39:00,-08:00,2025-01-17T23:39:00-08:00,0,51
contact/index.html,13,html,fbee9582,zhangkevin747,2025-01-17,23:39:00,-08:00,2025-01-17T23:39:00-08:00,0,61
contact/index.html,14,html,fbee9582,zhangkevin747,2025-01-17,23:39:00,-08:00,2025-01-17T23:39:00-08:00,0,0
contact/index.html,15,html,fbee9582,zhangkevin747,2025-01-17,23:39:00,-08:00,2025-01-17T23:39:00-08:00,0,0
contact/index.html,16,html,fbee9582,zhangkevin747,2025-01-17,23:39:00,-08:00,2025-01-17T23:39:00-08:00,0,5
contact/index.html,17,html,fbee9582,zhangkevin747,2025-01-17,23:39:00,-08:00,2025-01-17T23:39:00-08:00,0,30
contact/index.html,18,html,fbee9582,zhangkevin747,2025-01-17,23:39:00,-08:00,2025-01-17T23:39:00-08:00,0,16
contact/index.html,19,html,fbee9582,zhangkevin747,2025-01-17,23:39:00,-08:00,2025-01-17T23:39:00-08:00,0,16
contact/index.html,20,html,aef210eb,zhangkevin747,2025-01-24,21:58:17,-08:00,2025-01-24T21:58:17-08:00,0,43
contact/index.html,21,html,fbee9582,zhangkevin747,2025-01-17,23:39:00,-08:00,2025-01-17T23:39:00-08:00,0,19
contact/index.html,22,html,fbee9582,zhangkevin747,2025-01-17,23:39:00,-08:00,2025-01-17T23:39:00-08:00,0,0
contact/index.html,23,html,fbee9582,zhangkevin747,2025-01-17,23:39:00,-08:00,2025-01-17T23:39:00-08:00,0,0
contact/index.html,24,html,fbee9582,zhangkevin747,2025-01-17,23:39:00,-08:00,2025-01-17T23:39:00-08:00,0,4
contact/index.html,25,html,fbee9582,zhangkevin747,2025-01-17,23:39:00,-08:00,2025-01-17T23:39:00-08:00,0,34
contact/index.html,26,html,fbee9582,zhangkevin747,2025-01-17,23:39:00,-08:00,2025-01-17T23:39:00-08:00,0,59
contact/index.html,27,html,fbee9582,zhangkevin747,2025-01-17,23:39:00,-08:00,2025-01-17T23:39:00-08:00,0,18
contact/index.html,28,html,fbee9582,zhangkevin747,2025-01-17,23:39:00,-08:00,2025-01-17T23:39:00-08:00,0,64
contact/index.html,29,html,fbee9582,zhangkevin747,2025-01-17,23:39:00,-08:00,2025-01-17T23:39:00-08:00,0,21
contact/index.html,30,html,fbee9582,zhangkevin747,2025-01-17,23:39:00,-08:00,2025-01-17T23:39:00-08:00,0,0
contact/index.html,31,html,fbee9582,zhangkevin747,2025-01-17,23:39:00,-08:00,2025-01-17T23:39:00-08:00,0,0
contact/index.html,32,html,fbee9582,zhangkevin747,2025-01-17,23:39:00,-08:00,2025-01-17T23:39:00-08:00,0,6
contact/index.html,33,html,fbee9582,zhangkevin747,2025-01-17,23:39:00,-08:00,2025-01-17T23:39:00-08:00,0,41
contact/index.html,34,html,fbee9582,zhangkevin747,2025-01-17,23:39:00,-08:00,2025-01-17T23:39:00-08:00,0,49
contact/index.html,35,html,fbee9582,zhangkevin747,2025-01-17,23:39:00,-08:00,2025-01-17T23:39:00-08:00,0,44
contact/index.html,36,html,fbee9582,zhangkevin747,2025-01-17,23:39:00,-08:00,2025-01-17T23:39:00-08:00,0,54
contact/index.html,37,html,fbee9582,zhangkevin747,2025-01-17,23:39:00,-08:00,2025-01-17T23:39:00-08:00,0,45
contact/index.html,38,html,fbee9582,zhangkevin747,2025-01-17,23:39:00,-08:00,2025-01-17T23:39:00-08:00,0,0
contact/index.html,39,html,fbee9582,zhangkevin747,2025-01-17,23:39:00,-08:00,2025-01-17T23:39:00-08:00,0,0
contact/index.html,40,html,fbee9582,zhangkevin747,2025-01-17,23:39:00,-08:00,2025-01-17T23:39:00-08:00,0,12
contact/index.html,41,html,fbee9582,zhangkevin747,2025-01-17,23:39:00,-08:00,2025-01-17T23:39:00-08:00,0,74
contact/index.html,42,html,fbee9582,zhangkevin747,2025-01-17,23:39:00,-08:00,2025-01-17T23:39:00-08:00,0,0
contact/index.html,43,html,fbee9582,zhangkevin747,2025-01-17,23:39:00,-08:00,2025-01-17T23:39:00-08:00,0,0
contact/index.html,44,html,fbee9582,zhangkevin747,2025-01-17,23:39:00,-08:00,2025-01-17T23:39:00-08:00,0,9
contact/index.html,45,html,fbee9582,zhangkevin747,2025-01-17,23:39:00,-08:00,2025-01-17T23:39:00-08:00,0,84
contact/index.html,46,html,fbee9582,zhangkevin747,2025-01-17,23:39:00,-08:00,2025-01-17T23:39:00-08:00,0,67
contact/index.html,47,html,fbee9582,zhangkevin747,2025-01-17,23:39:00,-08:00,2025-01-17T23:39:00-08:00,0,0
contact/index.html,48,html,fbee9582,zhangkevin747,2025-01-17,23:39:00,-08:00,2025-01-17T23:39:00-08:00,0,0
contact/index.html,49,html,fbee9582,zhangkevin747,2025-01-17,23:39:00,-08:00,2025-01-17T23:39:00-08:00,0,5
contact/index.html,50,html,fbee9582,zhangkevin747,2025-01-17,23:39:00,-08:00,2025-01-17T23:39:00-08:00,0,38
contact/index.html,51,html,fbee9582,zhangkevin747,2025-01-17,23:39:00,-08:00,2025-01-17T23:39:00-08:00,0,72
contact/index.html,52,html,fbee9582,zhangkevin747,2025-01-17,23:39:00,-08:00,2025-01-17T23:39:00-08:00,0,39
contact/index.html,53,html,fbee9582,zhangkevin747,2025-01-17,23:39:00,-08:00,2025-01-17T23:39:00-08:00,0,55
contact/index.html,54,html,fbee9582,zhangkevin747,2025-01-17,23:39:00,-08:00,2025-01-17T23:39:00-08:00,0,22
contact/index.html,55,html,fbee9582,zhangkevin747,2025-01-17,23:39:00,-08:00,2025-01-17T23:39:00-08:00,0,0
contact/index.html,56,html,fbee9582,zhangkevin747,2025-01-17,23:39:00,-08:00,2025-01-17T23:39:00-08:00,0,0
contact/index.html,57,html,fbee9582,zhangkevin747,2025-01-17,23:39:00,-08:00,2025-01-17T23:39:00-08:00,0,6
contact/index.html,58,html,fbee9582,zhangkevin747,2025-01-17,23:39:00,-08:00,2025-01-17T23:39:00-08:00,0,74
contact/index.html,59,html,fbee9582,zhangkevin747,2025-01-17,23:39:00,-08:00,2025-01-17T23:39:00-08:00,0,0
contact/index.html,60,html,fbee9582,zhangkevin747,2025-01-17,23:39:00,-08:00,2025-01-17T23:39:00-08:00,0,0
contact/index.html,61,html,fbee9582,zhangkevin747,2025-01-17,23:39:00,-08:00,2025-01-17T23:39:00-08:00,0,24
contact/index.html,62,html,fbee9582,zhangkevin747,2025-01-17,23:39:00,-08:00,2025-01-17T23:39:00-08:00,0,60
contact/index.html,63,html,fbee9582,zhangkevin747,2025-01-17,23:39:00,-08:00,2025-01-17T23:39:00-08:00,0,54
contact/index.html,64,html,fbee9582,zhangkevin747,2025-01-17,23:39:00,-08:00,2025-01-17T23:39:00-08:00,0,53
contact/index.html,65,html,fbee9582,zhangkevin747,2025-01-17,23:39:00,-08:00,2025-01-17T23:39:00-08:00,0,76
contact/index.html,66,html,fbee9582,zhangkevin747,2025-01-17,23:39:00,-08:00,2025-01-17T23:39:00-08:00,0,0
contact/index.html,67,html,fbee9582,zhangkevin747,2025-01-17,23:39:00,-08:00,2025-01-17T23:39:00-08:00,0,0
contact/index.html,68,html,fbee9582,zhangkevin747,2025-01-17,23:39:00,-08:00,2025-01-17T23:39:00-08:00,0,7
contact/index.html,69,html,fbee9582,zhangkevin747,2025-01-17,23:39:00,-08:00,2025-01-17T23:39:00-08:00,0,61
contact/index.html,70,html,fbee9582,zhangkevin747,2025-01-17,23:39:00,-08:00,2025-01-17T23:39:00-08:00,0,59
contact/index.html,71,html,fbee9582,zhangkevin747,2025-01-17,23:39:00,-08:00,2025-01-17T23:39:00-08:00,0,37
contact/index.html,72,html,fbee9582,zhangkevin747,2025-01-17,23:39:00,-08:00,2025-01-17T23:39:00-08:00,0,12
contact/index.html,73,html,fbee9582,zhangkevin747,2025-01-17,23:39:00,-08:00,2025-01-17T23:39:00-08:00,0,12
contact/index.html,74,html,fbee9582,zhangkevin747,2025-01-17,23:39:00,-08:00,2025-01-17T23:39:00-08:00,0,15
contact/index.html,75,html,fbee9582,zhangkevin747,2025-01-17,23:39:00,-08:00,2025-01-17T23:39:00-08:00,0,0
contact/index.html,76,html,fbee9582,zhangkevin747,2025-01-17,23:39:00,-08:00,2025-01-17T23:39:00-08:00,0,0
contact/index.html,77,html,fbee9582,zhangkevin747,2025-01-17,23:39:00,-08:00,2025-01-17T23:39:00-08:00,0,13
contact/index.html,78,html,fbee9582,zhangkevin747,2025-01-17,23:39:00,-08:00,2025-01-17T23:39:00-08:00,0,63
contact/index.html,79,html,fbee9582,zhangkevin747,2025-01-17,23:39:00,-08:00,2025-01-17T23:39:00-08:00,0,0
contact/index.html,80,html,aef210eb,zhangkevin747,2025-01-24,21:58:17,-08:00,2025-01-24T21:58:17-08:00,0,0
contact/index.html,81,html,aef210eb,zhangkevin747,2025-01-24,21:58:17,-08:00,2025-01-24T21:58:17-08:00,0,14
contact/index.html,82,html,aef210eb,zhangkevin747,2025-01-24,21:58:17,-08:00,2025-01-24T21:58:17-08:00,0,52
contact/index.html,83,html,aef210eb,zhangkevin747,2025-01-24,21:58:17,-08:00,2025-01-24T21:58:17-08:00,0,35
contact/index.html,84,html,aef210eb,zhangkevin747,2025-01-24,21:58:17,-08:00,2025-01-24T21:58:17-08:00,0,39
contact/index.html,85,html,aef210eb,zhangkevin747,2025-01-24,21:58:17,-08:00,2025-01-24T21:58:17-08:00,0,41
contact/index.html,86,html,aef210eb,zhangkevin747,2025-01-24,21:58:17,-08:00,2025-01-24T21:58:17-08:00,0,53
contact/index.html,87,html,aef210eb,zhangkevin747,2025-01-24,21:58:17,-08:00,2025-01-24T21:58:17-08:00,0,0
contact/index.html,88,html,aef210eb,zhangkevin747,2025-01-24,21:58:17,-08:00,2025-01-24T21:58:17-08:00,0,0
contact/index.html,89,html,fbee9582,zhangkevin747,2025-01-17,23:39:00,-08:00,2025-01-17T23:39:00-08:00,0,7
contact/index.html,90,html,470c7f4a,zhangkevin747,2025-01-10,13:34:01,-08:00,2025-01-10T13:34:01-08:00,0,6
contact/index.html,91,html,470c7f4a,zhangkevin747,2025-01-10,13:34:01,-08:00,2025-01-10T13:34:01-08:00,0,5
contact/index.html,92,html,470c7f4a,zhangkevin747,2025-01-10,13:34:01,-08:00,2025-01-10T13:34:01-08:00,0,15
contact/index.html,93,html,6eb9da9b,zhangkevin747,2025-02-12,16:38:46,-08:00,2025-02-12T16:38:46-08:00,0,0
contact/index.html,94,html,470c7f4a,zhangkevin747,2025-01-10,13:34:01,-08:00,2025-01-10T13:34:01-08:00,0,79
contact/index.html,95,html,470c7f4a,zhangkevin747,2025-01-10,13:34:01,-08:00,2025-01-10T13:34:01-08:00,0,32
contact/index.html,96,html,470c7f4a,zhangkevin747,2025-01-10,13:34:01,-08:00,2025-01-10T13:34:01-08:00,0,52
contact/index.html,97,html,470c7f4a,zhangkevin747,2025-01-10,13:34:01,-08:00,2025-01-10T13:34:01-08:00,0,0
contact/index.html,98,html,470c7f4a,zhangkevin747,2025-01-10,13:34:01,-08:00,2025-01-10T13:34:01-08:00,0,36
contact/index.html,99,html,470c7f4a,zhangkevin747,2025-01-10,13:34:01,-08:00,2025-01-10T13:34:01-08:00,0,55
contact/index.html,100,html,470c7f4a,zhangkevin747,2025-01-10,13:34:01,-08:00,2025-01-10T13:34:01-08:00,0,0
contact/index.html,101,html,470c7f4a,zhangkevin747,2025-01-10,13:34:01,-08:00,2025-01-10T13:34:01-08:00,0,33
contact/index.html,102,html,470c7f4a,zhangkevin747,2025-01-10,13:34:01,-08:00,2025-01-10T13:34:01-08:00,0,70
contact/index.html,103,html,470c7f4a,zhangkevin747,2025-01-10,13:34:01,-08:00,2025-01-10T13:34:01-08:00,0,0
contact/index.html,104,html,fbee9582,zhangkevin747,2025-01-17,23:39:00,-08:00,2025-01-17T23:39:00-08:00,0,36
contact/index.html,105,html,470c7f4a,zhangkevin747,2025-01-10,13:34:01,-08:00,2025-01-10T13:34:01-08:00,0,6
contact/index.html,106,html,470c7f4a,zhangkevin747,2025-01-10,13:34:01,-08:00,2025-01-10T13:34:01-08:00,0,6
contact/index.html,107,html,fbee9582,zhangkevin747,2025-01-17,23:39:00,-08:00,2025-01-17T23:39:00-08:00,0,6
